[0.000000] (-) TimerEvent: {}
[0.000538] (my_imu) JobQueued: {'identifier': 'my_imu', 'dependencies': OrderedDict()}
[0.000591] (my_motor) JobQueued: {'identifier': 'my_motor', 'dependencies': OrderedDict()}
[0.000607] (ros_tcp_endpoint) JobQueued: {'identifier': 'ros_tcp_endpoint', 'dependencies': OrderedDict()}
[0.000618] (track_drive) JobQueued: {'identifier': 'track_drive', 'dependencies': OrderedDict()}
[0.000650] (xycar_msgs) JobQueued: {'identifier': 'xycar_msgs', 'dependencies': OrderedDict()}
[0.000665] (kookmin9_viewer) JobQueued: {'identifier': 'kookmin9_viewer', 'dependencies': OrderedDict([('xycar_msgs', '/home/wlwnstn2396/xycar_ws/install/xycar_msgs')])}
[0.000679] (my_cam) JobQueued: {'identifier': 'my_cam', 'dependencies': OrderedDict([('xycar_msgs', '/home/wlwnstn2396/xycar_ws/install/xycar_msgs')])}
[0.000691] (my_lidar) JobQueued: {'identifier': 'my_lidar', 'dependencies': OrderedDict([('xycar_msgs', '/home/wlwnstn2396/xycar_ws/install/xycar_msgs')])}
[0.000709] (xycar_msgs) JobStarted: {'identifier': 'xycar_msgs'}
[0.007248] (my_imu) JobStarted: {'identifier': 'my_imu'}
[0.014370] (my_motor) JobStarted: {'identifier': 'my_motor'}
[0.021880] (ros_tcp_endpoint) JobStarted: {'identifier': 'ros_tcp_endpoint'}
[0.028355] (track_drive) JobStarted: {'identifier': 'track_drive'}
[0.039030] (xycar_msgs) JobProgress: {'identifier': 'xycar_msgs', 'progress': 'cmake'}
[0.041747] (xycar_msgs) Command: {'cmd': ['/usr/bin/cmake', '/home/wlwnstn2396/xycar_ws/src/xycar_msgs', '-DAMENT_CMAKE_SYMLINK_INSTALL=1', '-DCMAKE_INSTALL_PREFIX=/home/wlwnstn2396/xycar_ws/install/xycar_msgs'], 'cwd': '/home/wlwnstn2396/xycar_ws/build/xycar_msgs', 'env': OrderedDict([('LESSOPEN', '| /usr/bin/lesspipe %s'), ('USER', 'wlwnstn2396'), ('SHLVL', '1'), ('LD_LIBRARY_PATH', '/opt/ros/humble/opt/rviz_ogre_vendor/lib:/opt/ros/humble/lib/x86_64-linux-gnu:/opt/ros/humble/lib'), ('HOME', '/home/wlwnstn2396'), ('OLDPWD', '/home/wlwnstn2396/xycar_ws/src'), ('ROS_PYTHON_VERSION', '3'), ('DBUS_SESSION_BUS_ADDRESS', 'unix:path=/run/user/1000/bus'), ('WSL_DISTRO_NAME', 'Ubuntu-22.04'), ('WAYLAND_DISPLAY', 'wayland-0'), ('COLCON_PREFIX_PATH', '/home/wlwnstn2396/xycar_ws/install'), ('ROS_DISTRO', 'humble'), ('LOGNAME', 'wlwnstn2396'), ('NAME', 'DESKTOP-VA2ETC0'), ('WSL_INTEROP', '/run/WSL/94285_interop'), ('PULSE_SERVER', 'unix:/mnt/wslg/PulseServer'), ('_', '/usr/bin/colcon'), ('ROS_VERSION', '2'), ('TERM', 'xterm-256color'), ('ROS_LOCALHOST_ONLY', '0'), ('PATH', '/home/wlwnstn2396/.local/bin:/opt/ros/humble/bin:/usr/local/sbin:/usr/local/bin:/usr/sbin:/usr/bin:/sbin:/bin:/usr/games:/usr/local/games:/usr/lib/wsl/lib:/mnt/c/Program Files/WindowsApps/MicrosoftCorporationII.WindowsSubsystemForLinux_2.7.3.0_x64__8wekyb3d8bbwe:/mnt/c/Program Files/Eclipse Adoptium/jdk-21.0.10.7-hotspot/bin:/mnt/c/WINDOWS/system32:/mnt/c/WINDOWS:/mnt/c/WINDOWS/System32/Wbem:/mnt/c/WINDOWS/System32/WindowsPowerShell/v1.0/:/mnt/c/WINDOWS/System32/OpenSSH/:/mnt/c/Program Files/Git/cmd:/mnt/c/Users/JI/miniconda3:/mnt/c/Users/JI/miniconda3/Library/mingw-w64/bin:/mnt/c/Users/JI/miniconda3/Library/usr/bin:/mnt/c/Users/JI/miniconda3/Library/bin:/mnt/c/Users/JI/miniconda3/Scripts:/mnt/c/Users/JI/AppData/Local/Microsoft/WindowsApps:/mnt/c/msys64/ucrt64/bin:/mnt/c/Users/JI/AppData/Local/Programs/Microsoft VS Code/bin:/mnt/c/Users/JI/AppData/Local/Python/bin:/snap/bin:/home/wlwnstn2396/.local/bin'), ('XDG_RUNTIME_DIR', '/run/user/1000'), ('DISPLAY', ':0'), ('LANG', 'C.UTF-8'), ('LS_COLORS', 'rs=0:di=01;34:ln=01;36:mh=00:pi=40;33:so=01;35:do=01;35:bd=40;33;01:cd=40;33;01:or=40;31;01:mi=00:su=37;41:sg=30;43:ca=30;41:tw=30;42:ow=34;42:st=37;44:ex=01;32:*.tar=01;31:*.tgz=01;31:*.arc=01;31:*.arj=01;31:*.taz=01;31:*.lha=01;31:*.lz4=01;31:*.lzh=01;31:*.lzma=01;31:*.tlz=01;31:*.txz=01;31:*.tzo=01;31:*.t7z=01;31:*.zip=01;31:*.z=01;31:*.dz=01;31:*.gz=01;31:*.lrz=01;31:*.lz=01;31:*.lzo=01;31:*.xz=01;31:*.zst=01;31:*.tzst=01;31:*.bz2=01;31:*.bz=01;31:*.tbz=01;31:*.tbz2=01;31:*.tz=01;31:*.deb=01;31:*.rpm=01;31:*.jar=01;31:*.war=01;31:*.ear=01;31:*.sar=01;31:*.rar=01;31:*.alz=01;31:*.ace=01;31:*.zoo=01;31:*.cpio=01;31:*.7z=01;31:*.rz=01;31:*.cab=01;31:*.wim=01;31:*.swm=01;31:*.dwm=01;31:*.esd=01;31:*.jpg=01;35:*.jpeg=01;35:*.mjpg=01;35:*.mjpeg=01;35:*.gif=01;35:*.bmp=01;35:*.pbm=01;35:*.pgm=01;35:*.ppm=01;35:*.tga=01;35:*.xbm=01;35:*.xpm=01;35:*.tif=01;35:*.tiff=01;35:*.png=01;35:*.svg=01;35:*.svgz=01;35:*.mng=01;35:*.pcx=01;35:*.mov=01;35:*.mpg=01;35:*.mpeg=01;35:*.m2v=01;35:*.mkv=01;35:*.webm=01;35:*.webp=01;35:*.ogm=01;35:*.mp4=01;35:*.m4v=01;35:*.mp4v=01;35:*.vob=01;35:*.qt=01;35:*.nuv=01;35:*.wmv=01;35:*.asf=01;35:*.rm=01;35:*.rmvb=01;35:*.flc=01;35:*.avi=01;35:*.fli=01;35:*.flv=01;35:*.gl=01;35:*.dl=01;35:*.xcf=01;35:*.xwd=01;35:*.yuv=01;35:*.cgm=01;35:*.emf=01;35:*.ogv=01;35:*.ogx=01;35:*.aac=00;36:*.au=00;36:*.flac=00;36:*.m4a=00;36:*.mid=00;36:*.midi=00;36:*.mka=00;36:*.mp3=00;36:*.mpc=00;36:*.ogg=00;36:*.ra=00;36:*.wav=00;36:*.oga=00;36:*.opus=00;36:*.spx=00;36:*.xspf=00;36:'), ('AMENT_PREFIX_PATH', '/opt/ros/humble'), ('SHELL', '/bin/bash'), ('LESSCLOSE', '/usr/bin/lesspipe %s %s'), ('PWD', '/home/wlwnstn2396/xycar_ws/build/xycar_msgs'), ('XDG_DATA_DIRS', '/usr/local/share:/usr/share:/var/lib/snapd/desktop'), ('PYTHONPATH', '/opt/ros/humble/lib/python3.10/site-packages:/opt/ros/humble/local/lib/python3.10/dist-packages'), ('COLCON', '1'), ('WSL2_GUI_APPS_ENABLED', '1'), ('HOSTTYPE', 'x86_64'), ('WSLENV', ''), ('CMAKE_PREFIX_PATH', '/opt/ros/humble')]), 'shell': False}
[0.099225] (-) TimerEvent: {}
[0.199646] (-) TimerEvent: {}
[0.299989] (-) TimerEvent: {}
[0.400338] (-) TimerEvent: {}
[0.500746] (-) TimerEvent: {}
[0.601140] (-) TimerEvent: {}
[0.701575] (-) TimerEvent: {}
[0.735603] (xycar_msgs) StdoutLine: {'line': b'-- The C compiler identification is GNU 11.4.0\n'}
[0.801769] (-) TimerEvent: {}
[0.844091] (xycar_msgs) StdoutLine: {'line': b'-- The CXX compiler identification is GNU 11.4.0\n'}
[0.901909] (-) TimerEvent: {}
[1.002363] (-) TimerEvent: {}
[1.102842] (-) TimerEvent: {}
[1.203264] (-) TimerEvent: {}
[1.303640] (-) TimerEvent: {}
[1.312888] (xycar_msgs) StdoutLine: {'line': b'-- Detecting C compiler ABI info\n'}
[1.403841] (-) TimerEvent: {}
[1.486018] (my_motor) Command: {'cmd': ['/usr/bin/python3', '-W', 'ignore:setup.py install is deprecated', '-W', 'ignore:easy_install command is deprecated', 'setup.py', 'develop', '--editable', '--build-directory', '/home/wlwnstn2396/xycar_ws/build/my_motor/build', '--no-deps', 'symlink_data'], 'cwd': '/home/wlwnstn2396/xycar_ws/build/my_motor', 'env': {'LESSOPEN': '| /usr/bin/lesspipe %s', 'USER': 'wlwnstn2396', 'SHLVL': '1', 'LD_LIBRARY_PATH': '/opt/ros/humble/opt/rviz_ogre_vendor/lib:/opt/ros/humble/lib/x86_64-linux-gnu:/opt/ros/humble/lib', 'HOME': '/home/wlwnstn2396', 'OLDPWD': '/home/wlwnstn2396/xycar_ws/src', 'ROS_PYTHON_VERSION': '3', 'DBUS_SESSION_BUS_ADDRESS': 'unix:path=/run/user/1000/bus', 'WSL_DISTRO_NAME': 'Ubuntu-22.04', 'WAYLAND_DISPLAY': 'wayland-0', 'COLCON_PREFIX_PATH': '/home/wlwnstn2396/xycar_ws/install', 'ROS_DISTRO': 'humble', 'LOGNAME': 'wlwnstn2396', 'NAME': 'DESKTOP-VA2ETC0', 'WSL_INTEROP': '/run/WSL/94285_interop', 'PULSE_SERVER': 'unix:/mnt/wslg/PulseServer', '_': '/usr/bin/colcon', 'ROS_VERSION': '2', 'TERM': 'xterm-256color', 'ROS_LOCALHOST_ONLY': '0', 'PATH': '/home/wlwnstn2396/.local/bin:/opt/ros/humble/bin:/usr/local/sbin:/usr/local/bin:/usr/sbin:/usr/bin:/sbin:/bin:/usr/games:/usr/local/games:/usr/lib/wsl/lib:/mnt/c/Program Files/WindowsApps/MicrosoftCorporationII.WindowsSubsystemForLinux_2.7.3.0_x64__8wekyb3d8bbwe:/mnt/c/Program Files/Eclipse Adoptium/jdk-21.0.10.7-hotspot/bin:/mnt/c/WINDOWS/system32:/mnt/c/WINDOWS:/mnt/c/WINDOWS/System32/Wbem:/mnt/c/WINDOWS/System32/WindowsPowerShell/v1.0/:/mnt/c/WINDOWS/System32/OpenSSH/:/mnt/c/Program Files/Git/cmd:/mnt/c/Users/JI/miniconda3:/mnt/c/Users/JI/miniconda3/Library/mingw-w64/bin:/mnt/c/Users/JI/miniconda3/Library/usr/bin:/mnt/c/Users/JI/miniconda3/Library/bin:/mnt/c/Users/JI/miniconda3/Scripts:/mnt/c/Users/JI/AppData/Local/Microsoft/WindowsApps:/mnt/c/msys64/ucrt64/bin:/mnt/c/Users/JI/AppData/Local/Programs/Microsoft VS Code/bin:/mnt/c/Users/JI/AppData/Local/Python/bin:/snap/bin:/home/wlwnstn2396/.local/bin', 'XDG_RUNTIME_DIR': '/run/user/1000', 'DISPLAY': ':0', 'LANG': 'C.UTF-8', 'LS_COLORS': 'rs=0:di=01;34:ln=01;36:mh=00:pi=40;33:so=01;35:do=01;35:bd=40;33;01:cd=40;33;01:or=40;31;01:mi=00:su=37;41:sg=30;43:ca=30;41:tw=30;42:ow=34;42:st=37;44:ex=01;32:*.tar=01;31:*.tgz=01;31:*.arc=01;31:*.arj=01;31:*.taz=01;31:*.lha=01;31:*.lz4=01;31:*.lzh=01;31:*.lzma=01;31:*.tlz=01;31:*.txz=01;31:*.tzo=01;31:*.t7z=01;31:*.zip=01;31:*.z=01;31:*.dz=01;31:*.gz=01;31:*.lrz=01;31:*.lz=01;31:*.lzo=01;31:*.xz=01;31:*.zst=01;31:*.tzst=01;31:*.bz2=01;31:*.bz=01;31:*.tbz=01;31:*.tbz2=01;31:*.tz=01;31:*.deb=01;31:*.rpm=01;31:*.jar=01;31:*.war=01;31:*.ear=01;31:*.sar=01;31:*.rar=01;31:*.alz=01;31:*.ace=01;31:*.zoo=01;31:*.cpio=01;31:*.7z=01;31:*.rz=01;31:*.cab=01;31:*.wim=01;31:*.swm=01;31:*.dwm=01;31:*.esd=01;31:*.jpg=01;35:*.jpeg=01;35:*.mjpg=01;35:*.mjpeg=01;35:*.gif=01;35:*.bmp=01;35:*.pbm=01;35:*.pgm=01;35:*.ppm=01;35:*.tga=01;35:*.xbm=01;35:*.xpm=01;35:*.tif=01;35:*.tiff=01;35:*.png=01;35:*.svg=01;35:*.svgz=01;35:*.mng=01;35:*.pcx=01;35:*.mov=01;35:*.mpg=01;35:*.mpeg=01;35:*.m2v=01;35:*.mkv=01;35:*.webm=01;35:*.webp=01;35:*.ogm=01;35:*.mp4=01;35:*.m4v=01;35:*.mp4v=01;35:*.vob=01;35:*.qt=01;35:*.nuv=01;35:*.wmv=01;35:*.asf=01;35:*.rm=01;35:*.rmvb=01;35:*.flc=01;35:*.avi=01;35:*.fli=01;35:*.flv=01;35:*.gl=01;35:*.dl=01;35:*.xcf=01;35:*.xwd=01;35:*.yuv=01;35:*.cgm=01;35:*.emf=01;35:*.ogv=01;35:*.ogx=01;35:*.aac=00;36:*.au=00;36:*.flac=00;36:*.m4a=00;36:*.mid=00;36:*.midi=00;36:*.mka=00;36:*.mp3=00;36:*.mpc=00;36:*.ogg=00;36:*.ra=00;36:*.wav=00;36:*.oga=00;36:*.opus=00;36:*.spx=00;36:*.xspf=00;36:', 'AMENT_PREFIX_PATH': '/opt/ros/humble', 'SHELL': '/bin/bash', 'LESSCLOSE': '/usr/bin/lesspipe %s %s', 'PWD': '/home/wlwnstn2396/xycar_ws/build/my_motor', 'XDG_DATA_DIRS': '/usr/local/share:/usr/share:/var/lib/snapd/desktop', 'PYTHONPATH': '/home/wlwnstn2396/xycar_ws/build/my_motor/prefix_override:/usr/lib/python3/dist-packages/colcon_core/task/python/colcon_distutils_commands:/home/wlwnstn2396/xycar_ws/install/my_motor/lib/python3.10/site-packages:/opt/ros/humble/lib/python3.10/site-packages:/opt/ros/humble/local/lib/python3.10/dist-packages', 'COLCON': '1', 'WSL2_GUI_APPS_ENABLED': '1', 'HOSTTYPE': 'x86_64', 'WSLENV': ''}, 'shell': False}
[1.488810] (my_imu) Command: {'cmd': ['/usr/bin/python3', '-W', 'ignore:setup.py install is deprecated', '-W', 'ignore:easy_install command is deprecated', 'setup.py', 'develop', '--editable', '--build-directory', '/home/wlwnstn2396/xycar_ws/build/my_imu/build', '--no-deps', 'symlink_data'], 'cwd': '/home/wlwnstn2396/xycar_ws/build/my_imu', 'env': {'LESSOPEN': '| /usr/bin/lesspipe %s', 'USER': 'wlwnstn2396', 'SHLVL': '1', 'LD_LIBRARY_PATH': '/opt/ros/humble/opt/rviz_ogre_vendor/lib:/opt/ros/humble/lib/x86_64-linux-gnu:/opt/ros/humble/lib', 'HOME': '/home/wlwnstn2396', 'OLDPWD': '/home/wlwnstn2396/xycar_ws/src', 'ROS_PYTHON_VERSION': '3', 'DBUS_SESSION_BUS_ADDRESS': 'unix:path=/run/user/1000/bus', 'WSL_DISTRO_NAME': 'Ubuntu-22.04', 'WAYLAND_DISPLAY': 'wayland-0', 'COLCON_PREFIX_PATH': '/home/wlwnstn2396/xycar_ws/install', 'ROS_DISTRO': 'humble', 'LOGNAME': 'wlwnstn2396', 'NAME': 'DESKTOP-VA2ETC0', 'WSL_INTEROP': '/run/WSL/94285_interop', 'PULSE_SERVER': 'unix:/mnt/wslg/PulseServer', '_': '/usr/bin/colcon', 'ROS_VERSION': '2', 'TERM': 'xterm-256color', 'ROS_LOCALHOST_ONLY': '0', 'PATH': '/home/wlwnstn2396/.local/bin:/opt/ros/humble/bin:/usr/local/sbin:/usr/local/bin:/usr/sbin:/usr/bin:/sbin:/bin:/usr/games:/usr/local/games:/usr/lib/wsl/lib:/mnt/c/Program Files/WindowsApps/MicrosoftCorporationII.WindowsSubsystemForLinux_2.7.3.0_x64__8wekyb3d8bbwe:/mnt/c/Program Files/Eclipse Adoptium/jdk-21.0.10.7-hotspot/bin:/mnt/c/WINDOWS/system32:/mnt/c/WINDOWS:/mnt/c/WINDOWS/System32/Wbem:/mnt/c/WINDOWS/System32/WindowsPowerShell/v1.0/:/mnt/c/WINDOWS/System32/OpenSSH/:/mnt/c/Program Files/Git/cmd:/mnt/c/Users/JI/miniconda3:/mnt/c/Users/JI/miniconda3/Library/mingw-w64/bin:/mnt/c/Users/JI/miniconda3/Library/usr/bin:/mnt/c/Users/JI/miniconda3/Library/bin:/mnt/c/Users/JI/miniconda3/Scripts:/mnt/c/Users/JI/AppData/Local/Microsoft/WindowsApps:/mnt/c/msys64/ucrt64/bin:/mnt/c/Users/JI/AppData/Local/Programs/Microsoft VS Code/bin:/mnt/c/Users/JI/AppData/Local/Python/bin:/snap/bin:/home/wlwnstn2396/.local/bin', 'XDG_RUNTIME_DIR': '/run/user/1000', 'DISPLAY': ':0', 'LANG': 'C.UTF-8', 'LS_COLORS': 'rs=0:di=01;34:ln=01;36:mh=00:pi=40;33:so=01;35:do=01;35:bd=40;33;01:cd=40;33;01:or=40;31;01:mi=00:su=37;41:sg=30;43:ca=30;41:tw=30;42:ow=34;42:st=37;44:ex=01;32:*.tar=01;31:*.tgz=01;31:*.arc=01;31:*.arj=01;31:*.taz=01;31:*.lha=01;31:*.lz4=01;31:*.lzh=01;31:*.lzma=01;31:*.tlz=01;31:*.txz=01;31:*.tzo=01;31:*.t7z=01;31:*.zip=01;31:*.z=01;31:*.dz=01;31:*.gz=01;31:*.lrz=01;31:*.lz=01;31:*.lzo=01;31:*.xz=01;31:*.zst=01;31:*.tzst=01;31:*.bz2=01;31:*.bz=01;31:*.tbz=01;31:*.tbz2=01;31:*.tz=01;31:*.deb=01;31:*.rpm=01;31:*.jar=01;31:*.war=01;31:*.ear=01;31:*.sar=01;31:*.rar=01;31:*.alz=01;31:*.ace=01;31:*.zoo=01;31:*.cpio=01;31:*.7z=01;31:*.rz=01;31:*.cab=01;31:*.wim=01;31:*.swm=01;31:*.dwm=01;31:*.esd=01;31:*.jpg=01;35:*.jpeg=01;35:*.mjpg=01;35:*.mjpeg=01;35:*.gif=01;35:*.bmp=01;35:*.pbm=01;35:*.pgm=01;35:*.ppm=01;35:*.tga=01;35:*.xbm=01;35:*.xpm=01;35:*.tif=01;35:*.tiff=01;35:*.png=01;35:*.svg=01;35:*.svgz=01;35:*.mng=01;35:*.pcx=01;35:*.mov=01;35:*.mpg=01;35:*.mpeg=01;35:*.m2v=01;35:*.mkv=01;35:*.webm=01;35:*.webp=01;35:*.ogm=01;35:*.mp4=01;35:*.m4v=01;35:*.mp4v=01;35:*.vob=01;35:*.qt=01;35:*.nuv=01;35:*.wmv=01;35:*.asf=01;35:*.rm=01;35:*.rmvb=01;35:*.flc=01;35:*.avi=01;35:*.fli=01;35:*.flv=01;35:*.gl=01;35:*.dl=01;35:*.xcf=01;35:*.xwd=01;35:*.yuv=01;35:*.cgm=01;35:*.emf=01;35:*.ogv=01;35:*.ogx=01;35:*.aac=00;36:*.au=00;36:*.flac=00;36:*.m4a=00;36:*.mid=00;36:*.midi=00;36:*.mka=00;36:*.mp3=00;36:*.mpc=00;36:*.ogg=00;36:*.ra=00;36:*.wav=00;36:*.oga=00;36:*.opus=00;36:*.spx=00;36:*.xspf=00;36:', 'AMENT_PREFIX_PATH': '/opt/ros/humble', 'SHELL': '/bin/bash', 'LESSCLOSE': '/usr/bin/lesspipe %s %s', 'PWD': '/home/wlwnstn2396/xycar_ws/build/my_imu', 'XDG_DATA_DIRS': '/usr/local/share:/usr/share:/var/lib/snapd/desktop', 'PYTHONPATH': '/home/wlwnstn2396/xycar_ws/build/my_imu/prefix_override:/usr/lib/python3/dist-packages/colcon_core/task/python/colcon_distutils_commands:/home/wlwnstn2396/xycar_ws/install/my_imu/lib/python3.10/site-packages:/opt/ros/humble/lib/python3.10/site-packages:/opt/ros/humble/local/lib/python3.10/dist-packages', 'COLCON': '1', 'WSL2_GUI_APPS_ENABLED': '1', 'HOSTTYPE': 'x86_64', 'WSLENV': ''}, 'shell': False}
[1.491494] (track_drive) Command: {'cmd': ['/usr/bin/python3', '-W', 'ignore:setup.py install is deprecated', '-W', 'ignore:easy_install command is deprecated', 'setup.py', 'develop', '--editable', '--build-directory', '/home/wlwnstn2396/xycar_ws/build/track_drive/build', '--no-deps', 'symlink_data'], 'cwd': '/home/wlwnstn2396/xycar_ws/build/track_drive', 'env': {'LESSOPEN': '| /usr/bin/lesspipe %s', 'USER': 'wlwnstn2396', 'SHLVL': '1', 'LD_LIBRARY_PATH': '/opt/ros/humble/opt/rviz_ogre_vendor/lib:/opt/ros/humble/lib/x86_64-linux-gnu:/opt/ros/humble/lib', 'HOME': '/home/wlwnstn2396', 'OLDPWD': '/home/wlwnstn2396/xycar_ws/src', 'ROS_PYTHON_VERSION': '3', 'DBUS_SESSION_BUS_ADDRESS': 'unix:path=/run/user/1000/bus', 'WSL_DISTRO_NAME': 'Ubuntu-22.04', 'WAYLAND_DISPLAY': 'wayland-0', 'COLCON_PREFIX_PATH': '/home/wlwnstn2396/xycar_ws/install', 'ROS_DISTRO': 'humble', 'LOGNAME': 'wlwnstn2396', 'NAME': 'DESKTOP-VA2ETC0', 'WSL_INTEROP': '/run/WSL/94285_interop', 'PULSE_SERVER': 'unix:/mnt/wslg/PulseServer', '_': '/usr/bin/colcon', 'ROS_VERSION': '2', 'TERM': 'xterm-256color', 'ROS_LOCALHOST_ONLY': '0', 'PATH': '/home/wlwnstn2396/.local/bin:/opt/ros/humble/bin:/usr/local/sbin:/usr/local/bin:/usr/sbin:/usr/bin:/sbin:/bin:/usr/games:/usr/local/games:/usr/lib/wsl/lib:/mnt/c/Program Files/WindowsApps/MicrosoftCorporationII.WindowsSubsystemForLinux_2.7.3.0_x64__8wekyb3d8bbwe:/mnt/c/Program Files/Eclipse Adoptium/jdk-21.0.10.7-hotspot/bin:/mnt/c/WINDOWS/system32:/mnt/c/WINDOWS:/mnt/c/WINDOWS/System32/Wbem:/mnt/c/WINDOWS/System32/WindowsPowerShell/v1.0/:/mnt/c/WINDOWS/System32/OpenSSH/:/mnt/c/Program Files/Git/cmd:/mnt/c/Users/JI/miniconda3:/mnt/c/Users/JI/miniconda3/Library/mingw-w64/bin:/mnt/c/Users/JI/miniconda3/Library/usr/bin:/mnt/c/Users/JI/miniconda3/Library/bin:/mnt/c/Users/JI/miniconda3/Scripts:/mnt/c/Users/JI/AppData/Local/Microsoft/WindowsApps:/mnt/c/msys64/ucrt64/bin:/mnt/c/Users/JI/AppData/Local/Programs/Microsoft VS Code/bin:/mnt/c/Users/JI/AppData/Local/Python/bin:/snap/bin:/home/wlwnstn2396/.local/bin', 'XDG_RUNTIME_DIR': '/run/user/1000', 'DISPLAY': ':0', 'LANG': 'C.UTF-8', 'LS_COLORS': 'rs=0:di=01;34:ln=01;36:mh=00:pi=40;33:so=01;35:do=01;35:bd=40;33;01:cd=40;33;01:or=40;31;01:mi=00:su=37;41:sg=30;43:ca=30;41:tw=30;42:ow=34;42:st=37;44:ex=01;32:*.tar=01;31:*.tgz=01;31:*.arc=01;31:*.arj=01;31:*.taz=01;31:*.lha=01;31:*.lz4=01;31:*.lzh=01;31:*.lzma=01;31:*.tlz=01;31:*.txz=01;31:*.tzo=01;31:*.t7z=01;31:*.zip=01;31:*.z=01;31:*.dz=01;31:*.gz=01;31:*.lrz=01;31:*.lz=01;31:*.lzo=01;31:*.xz=01;31:*.zst=01;31:*.tzst=01;31:*.bz2=01;31:*.bz=01;31:*.tbz=01;31:*.tbz2=01;31:*.tz=01;31:*.deb=01;31:*.rpm=01;31:*.jar=01;31:*.war=01;31:*.ear=01;31:*.sar=01;31:*.rar=01;31:*.alz=01;31:*.ace=01;31:*.zoo=01;31:*.cpio=01;31:*.7z=01;31:*.rz=01;31:*.cab=01;31:*.wim=01;31:*.swm=01;31:*.dwm=01;31:*.esd=01;31:*.jpg=01;35:*.jpeg=01;35:*.mjpg=01;35:*.mjpeg=01;35:*.gif=01;35:*.bmp=01;35:*.pbm=01;35:*.pgm=01;35:*.ppm=01;35:*.tga=01;35:*.xbm=01;35:*.xpm=01;35:*.tif=01;35:*.tiff=01;35:*.png=01;35:*.svg=01;35:*.svgz=01;35:*.mng=01;35:*.pcx=01;35:*.mov=01;35:*.mpg=01;35:*.mpeg=01;35:*.m2v=01;35:*.mkv=01;35:*.webm=01;35:*.webp=01;35:*.ogm=01;35:*.mp4=01;35:*.m4v=01;35:*.mp4v=01;35:*.vob=01;35:*.qt=01;35:*.nuv=01;35:*.wmv=01;35:*.asf=01;35:*.rm=01;35:*.rmvb=01;35:*.flc=01;35:*.avi=01;35:*.fli=01;35:*.flv=01;35:*.gl=01;35:*.dl=01;35:*.xcf=01;35:*.xwd=01;35:*.yuv=01;35:*.cgm=01;35:*.emf=01;35:*.ogv=01;35:*.ogx=01;35:*.aac=00;36:*.au=00;36:*.flac=00;36:*.m4a=00;36:*.mid=00;36:*.midi=00;36:*.mka=00;36:*.mp3=00;36:*.mpc=00;36:*.ogg=00;36:*.ra=00;36:*.wav=00;36:*.oga=00;36:*.opus=00;36:*.spx=00;36:*.xspf=00;36:', 'AMENT_PREFIX_PATH': '/opt/ros/humble', 'SHELL': '/bin/bash', 'LESSCLOSE': '/usr/bin/lesspipe %s %s', 'PWD': '/home/wlwnstn2396/xycar_ws/build/track_drive', 'XDG_DATA_DIRS': '/usr/local/share:/usr/share:/var/lib/snapd/desktop', 'PYTHONPATH': '/home/wlwnstn2396/xycar_ws/build/track_drive/prefix_override:/usr/lib/python3/dist-packages/colcon_core/task/python/colcon_distutils_commands:/home/wlwnstn2396/xycar_ws/install/track_drive/lib/python3.10/site-packages:/opt/ros/humble/lib/python3.10/site-packages:/opt/ros/humble/local/lib/python3.10/dist-packages', 'COLCON': '1', 'WSL2_GUI_APPS_ENABLED': '1', 'HOSTTYPE': 'x86_64', 'WSLENV': ''}, 'shell': False}
[1.497906] (ros_tcp_endpoint) Command: {'cmd': ['/usr/bin/python3', '-W', 'ignore:setup.py install is deprecated', '-W', 'ignore:easy_install command is deprecated', 'setup.py', 'develop', '--editable', '--build-directory', '/home/wlwnstn2396/xycar_ws/build/ros_tcp_endpoint/build', '--no-deps', 'symlink_data'], 'cwd': '/home/wlwnstn2396/xycar_ws/build/ros_tcp_endpoint', 'env': {'LESSOPEN': '| /usr/bin/lesspipe %s', 'USER': 'wlwnstn2396', 'SHLVL': '1', 'LD_LIBRARY_PATH': '/opt/ros/humble/opt/rviz_ogre_vendor/lib:/opt/ros/humble/lib/x86_64-linux-gnu:/opt/ros/humble/lib', 'HOME': '/home/wlwnstn2396', 'OLDPWD': '/home/wlwnstn2396/xycar_ws/src', 'ROS_PYTHON_VERSION': '3', 'DBUS_SESSION_BUS_ADDRESS': 'unix:path=/run/user/1000/bus', 'WSL_DISTRO_NAME': 'Ubuntu-22.04', 'WAYLAND_DISPLAY': 'wayland-0', 'COLCON_PREFIX_PATH': '/home/wlwnstn2396/xycar_ws/install', 'ROS_DISTRO': 'humble', 'LOGNAME': 'wlwnstn2396', 'NAME': 'DESKTOP-VA2ETC0', 'WSL_INTEROP': '/run/WSL/94285_interop', 'PULSE_SERVER': 'unix:/mnt/wslg/PulseServer', '_': '/usr/bin/colcon', 'ROS_VERSION': '2', 'TERM': 'xterm-256color', 'ROS_LOCALHOST_ONLY': '0', 'PATH': '/home/wlwnstn2396/.local/bin:/opt/ros/humble/bin:/usr/local/sbin:/usr/local/bin:/usr/sbin:/usr/bin:/sbin:/bin:/usr/games:/usr/local/games:/usr/lib/wsl/lib:/mnt/c/Program Files/WindowsApps/MicrosoftCorporationII.WindowsSubsystemForLinux_2.7.3.0_x64__8wekyb3d8bbwe:/mnt/c/Program Files/Eclipse Adoptium/jdk-21.0.10.7-hotspot/bin:/mnt/c/WINDOWS/system32:/mnt/c/WINDOWS:/mnt/c/WINDOWS/System32/Wbem:/mnt/c/WINDOWS/System32/WindowsPowerShell/v1.0/:/mnt/c/WINDOWS/System32/OpenSSH/:/mnt/c/Program Files/Git/cmd:/mnt/c/Users/JI/miniconda3:/mnt/c/Users/JI/miniconda3/Library/mingw-w64/bin:/mnt/c/Users/JI/miniconda3/Library/usr/bin:/mnt/c/Users/JI/miniconda3/Library/bin:/mnt/c/Users/JI/miniconda3/Scripts:/mnt/c/Users/JI/AppData/Local/Microsoft/WindowsApps:/mnt/c/msys64/ucrt64/bin:/mnt/c/Users/JI/AppData/Local/Programs/Microsoft VS Code/bin:/mnt/c/Users/JI/AppData/Local/Python/bin:/snap/bin:/home/wlwnstn2396/.local/bin', 'XDG_RUNTIME_DIR': '/run/user/1000', 'DISPLAY': ':0', 'LANG': 'C.UTF-8', 'LS_COLORS': 'rs=0:di=01;34:ln=01;36:mh=00:pi=40;33:so=01;35:do=01;35:bd=40;33;01:cd=40;33;01:or=40;31;01:mi=00:su=37;41:sg=30;43:ca=30;41:tw=30;42:ow=34;42:st=37;44:ex=01;32:*.tar=01;31:*.tgz=01;31:*.arc=01;31:*.arj=01;31:*.taz=01;31:*.lha=01;31:*.lz4=01;31:*.lzh=01;31:*.lzma=01;31:*.tlz=01;31:*.txz=01;31:*.tzo=01;31:*.t7z=01;31:*.zip=01;31:*.z=01;31:*.dz=01;31:*.gz=01;31:*.lrz=01;31:*.lz=01;31:*.lzo=01;31:*.xz=01;31:*.zst=01;31:*.tzst=01;31:*.bz2=01;31:*.bz=01;31:*.tbz=01;31:*.tbz2=01;31:*.tz=01;31:*.deb=01;31:*.rpm=01;31:*.jar=01;31:*.war=01;31:*.ear=01;31:*.sar=01;31:*.rar=01;31:*.alz=01;31:*.ace=01;31:*.zoo=01;31:*.cpio=01;31:*.7z=01;31:*.rz=01;31:*.cab=01;31:*.wim=01;31:*.swm=01;31:*.dwm=01;31:*.esd=01;31:*.jpg=01;35:*.jpeg=01;35:*.mjpg=01;35:*.mjpeg=01;35:*.gif=01;35:*.bmp=01;35:*.pbm=01;35:*.pgm=01;35:*.ppm=01;35:*.tga=01;35:*.xbm=01;35:*.xpm=01;35:*.tif=01;35:*.tiff=01;35:*.png=01;35:*.svg=01;35:*.svgz=01;35:*.mng=01;35:*.pcx=01;35:*.mov=01;35:*.mpg=01;35:*.mpeg=01;35:*.m2v=01;35:*.mkv=01;35:*.webm=01;35:*.webp=01;35:*.ogm=01;35:*.mp4=01;35:*.m4v=01;35:*.mp4v=01;35:*.vob=01;35:*.qt=01;35:*.nuv=01;35:*.wmv=01;35:*.asf=01;35:*.rm=01;35:*.rmvb=01;35:*.flc=01;35:*.avi=01;35:*.fli=01;35:*.flv=01;35:*.gl=01;35:*.dl=01;35:*.xcf=01;35:*.xwd=01;35:*.yuv=01;35:*.cgm=01;35:*.emf=01;35:*.ogv=01;35:*.ogx=01;35:*.aac=00;36:*.au=00;36:*.flac=00;36:*.m4a=00;36:*.mid=00;36:*.midi=00;36:*.mka=00;36:*.mp3=00;36:*.mpc=00;36:*.ogg=00;36:*.ra=00;36:*.wav=00;36:*.oga=00;36:*.opus=00;36:*.spx=00;36:*.xspf=00;36:', 'AMENT_PREFIX_PATH': '/opt/ros/humble', 'SHELL': '/bin/bash', 'LESSCLOSE': '/usr/bin/lesspipe %s %s', 'PWD': '/home/wlwnstn2396/xycar_ws/build/ros_tcp_endpoint', 'XDG_DATA_DIRS': '/usr/local/share:/usr/share:/var/lib/snapd/desktop', 'PYTHONPATH': '/home/wlwnstn2396/xycar_ws/build/ros_tcp_endpoint/prefix_override:/usr/lib/python3/dist-packages/colcon_core/task/python/colcon_distutils_commands:/home/wlwnstn2396/xycar_ws/install/ros_tcp_endpoint/lib/python3.10/site-packages:/opt/ros/humble/lib/python3.10/site-packages:/opt/ros/humble/local/lib/python3.10/dist-packages', 'COLCON': '1', 'WSL2_GUI_APPS_ENABLED': '1', 'HOSTTYPE': 'x86_64', 'WSLENV': ''}, 'shell': False}
[1.504055] (-) TimerEvent: {}
[1.527886] (xycar_msgs) StdoutLine: {'line': b'-- Detecting C compiler ABI info - done\n'}
[1.536755] (xycar_msgs) StdoutLine: {'line': b'-- Check for working C compiler: /usr/bin/cc - skipped\n'}
[1.538181] (xycar_msgs) StdoutLine: {'line': b'-- Detecting C compile features\n'}
[1.539971] (xycar_msgs) StdoutLine: {'line': b'-- Detecting C compile features - done\n'}
[1.546425] (xycar_msgs) StdoutLine: {'line': b'-- Detecting CXX compiler ABI info\n'}
[1.604231] (-) TimerEvent: {}
[1.704744] (-) TimerEvent: {}
[1.706163] (my_imu) StdoutLine: {'line': b'running develop\n'}
[1.707583] (track_drive) StdoutLine: {'line': b'running develop\n'}
[1.709153] (my_motor) StdoutLine: {'line': b'running develop\n'}
[1.718132] (ros_tcp_endpoint) StdoutLine: {'line': b'running develop\n'}
[1.760304] (xycar_msgs) StdoutLine: {'line': b'-- Detecting CXX compiler ABI info - done\n'}
[1.771259] (xycar_msgs) StdoutLine: {'line': b'-- Check for working CXX compiler: /usr/bin/c++ - skipped\n'}
[1.771663] (xycar_msgs) StdoutLine: {'line': b'-- Detecting CXX compile features\n'}
[1.772431] (xycar_msgs) StdoutLine: {'line': b'-- Detecting CXX compile features - done\n'}
[1.803097] (xycar_msgs) StdoutLine: {'line': b'-- Found ament_cmake: 1.3.14 (/opt/ros/humble/share/ament_cmake/cmake)\n'}
[1.804878] (-) TimerEvent: {}
[1.825800] (my_motor) StdoutLine: {'line': b'running egg_info\n'}
[1.826073] (my_motor) StdoutLine: {'line': b'creating my_motor.egg-info\n'}
[1.826362] (my_motor) StdoutLine: {'line': b'writing my_motor.egg-info/PKG-INFO\n'}
[1.826614] (my_motor) StdoutLine: {'line': b'writing dependency_links to my_motor.egg-info/dependency_links.txt\n'}
[1.826812] (my_motor) StdoutLine: {'line': b'writing entry points to my_motor.egg-info/entry_points.txt\n'}
[1.826973] (my_motor) StdoutLine: {'line': b'writing requirements to my_motor.egg-info/requires.txt\n'}
[1.827078] (my_motor) StdoutLine: {'line': b'writing top-level names to my_motor.egg-info/top_level.txt\n'}
[1.827344] (my_motor) StdoutLine: {'line': b"writing manifest file 'my_motor.egg-info/SOURCES.txt'\n"}
[1.829739] (my_motor) StdoutLine: {'line': b"reading manifest file 'my_motor.egg-info/SOURCES.txt'\n"}
[1.830659] (my_motor) StdoutLine: {'line': b"writing manifest file 'my_motor.egg-info/SOURCES.txt'\n"}
[1.833203] (my_imu) StdoutLine: {'line': b'running egg_info\n'}
[1.833483] (my_imu) StdoutLine: {'line': b'creating my_imu.egg-info\n'}
[1.833656] (my_motor) StdoutLine: {'line': b'running build_ext\n'}
[1.833981] (my_imu) StdoutLine: {'line': b'writing my_imu.egg-info/PKG-INFO\n'}
[1.834148] (my_imu) StdoutLine: {'line': b'writing dependency_links to my_imu.egg-info/dependency_links.txt\n'}
[1.834271] (my_imu) StdoutLine: {'line': b'writing entry points to my_imu.egg-info/entry_points.txt\n'}
[1.834390] (my_motor) StdoutLine: {'line': b'Creating /home/wlwnstn2396/xycar_ws/install/my_motor/lib/python3.10/site-packages/my-motor.egg-link (link to .)\n'}
[1.834615] (my_imu) StdoutLine: {'line': b'writing requirements to my_imu.egg-info/requires.txt\n'}
[1.834676] (my_imu) StdoutLine: {'line': b'writing top-level names to my_imu.egg-info/top_level.txt\n'}
[1.834767] (my_imu) StdoutLine: {'line': b"writing manifest file 'my_imu.egg-info/SOURCES.txt'\n"}
[1.834962] (my_motor) StdoutLine: {'line': b'Installing go script to /home/wlwnstn2396/xycar_ws/install/my_motor/lib/my_motor\n'}
[1.835468] (my_motor) StdoutLine: {'line': b'Installing go_stop script to /home/wlwnstn2396/xycar_ws/install/my_motor/lib/my_motor\n'}
[1.835672] (my_motor) StdoutLine: {'line': b'\n'}
[1.836020] (my_motor) StdoutLine: {'line': b'Installed /home/wlwnstn2396/xycar_ws/build/my_motor\n'}
[1.836480] (my_motor) StdoutLine: {'line': b'running symlink_data\n'}
[1.836604] (my_motor) StdoutLine: {'line': b'creating /home/wlwnstn2396/xycar_ws/install/my_motor/share/ament_index\n'}
[1.836652] (my_motor) StdoutLine: {'line': b'creating /home/wlwnstn2396/xycar_ws/install/my_motor/share/ament_index/resource_index\n'}
[1.836693] (my_motor) StdoutLine: {'line': b'creating /home/wlwnstn2396/xycar_ws/install/my_motor/share/ament_index/resource_index/packages\n'}
[1.837202] (my_imu) StdoutLine: {'line': b"reading manifest file 'my_imu.egg-info/SOURCES.txt'\n"}
[1.837656] (my_imu) StdoutLine: {'line': b"writing manifest file 'my_imu.egg-info/SOURCES.txt'\n"}
[1.837837] (track_drive) StdoutLine: {'line': b'running egg_info\n'}
[1.837906] (track_drive) StdoutLine: {'line': b'creating track_drive.egg-info\n'}
[1.838022] (track_drive) StdoutLine: {'line': b'writing track_drive.egg-info/PKG-INFO\n'}
[1.838330] (track_drive) StdoutLine: {'line': b'writing dependency_links to track_drive.egg-info/dependency_links.txt\n'}
[1.838439] (track_drive) StdoutLine: {'line': b'writing entry points to track_drive.egg-info/entry_points.txt\n'}
[1.838569] (track_drive) StdoutLine: {'line': b'writing requirements to track_drive.egg-info/requires.txt\n'}
[1.838642] (track_drive) StdoutLine: {'line': b'writing top-level names to track_drive.egg-info/top_level.txt\n'}
[1.838909] (my_motor) StdoutLine: {'line': b'symbolically linking /home/wlwnstn2396/xycar_ws/build/my_motor/resource/my_motor -> /home/wlwnstn2396/xycar_ws/install/my_motor/share/ament_index/resource_index/packages\n'}
[1.839041] (my_motor) StdoutLine: {'line': b'symbolically linking /home/wlwnstn2396/xycar_ws/build/my_motor/package.xml -> /home/wlwnstn2396/xycar_ws/install/my_motor/share/my_motor\n'}
[1.839163] (track_drive) StdoutLine: {'line': b"writing manifest file 'track_drive.egg-info/SOURCES.txt'\n"}
[1.839258] (my_imu) StdoutLine: {'line': b'running build_ext\n'}
[1.839582] (my_imu) StdoutLine: {'line': b'Creating /home/wlwnstn2396/xycar_ws/install/my_imu/lib/python3.10/site-packages/my-imu.egg-link (link to .)\n'}
[1.839695] (my_imu) StdoutLine: {'line': b'Installing roll_pitch_yaw script to /home/wlwnstn2396/xycar_ws/install/my_imu/lib/my_imu\n'}
[1.839914] (my_imu) StdoutLine: {'line': b'\n'}
[1.840080] (my_imu) StdoutLine: {'line': b'Installed /home/wlwnstn2396/xycar_ws/build/my_imu\n'}
[1.840390] (my_imu) StdoutLine: {'line': b'running symlink_data\n'}
[1.840950] (my_imu) StdoutLine: {'line': b'creating /home/wlwnstn2396/xycar_ws/install/my_imu/share/ament_index\n'}
[1.841171] (my_imu) StdoutLine: {'line': b'creating /home/wlwnstn2396/xycar_ws/install/my_imu/share/ament_index/resource_index\n'}
[1.841432] (my_imu) StdoutLine: {'line': b'creating /home/wlwnstn2396/xycar_ws/install/my_imu/share/ament_index/resource_index/packages\n'}
[1.841742] (my_imu) StdoutLine: {'line': b'symbolically linking /home/wlwnstn2396/xycar_ws/build/my_imu/resource/my_imu -> /home/wlwnstn2396/xycar_ws/install/my_imu/share/ament_index/resource_index/packages\n'}
[1.841937] (my_imu) StdoutLine: {'line': b'symbolically linking /home/wlwnstn2396/xycar_ws/build/my_imu/package.xml -> /home/wlwnstn2396/xycar_ws/install/my_imu/share/my_imu\n'}
[1.842331] (track_drive) StdoutLine: {'line': b"reading manifest file 'track_drive.egg-info/SOURCES.txt'\n"}
[1.842488] (track_drive) StdoutLine: {'line': b"writing manifest file 'track_drive.egg-info/SOURCES.txt'\n"}
[1.842878] (track_drive) StdoutLine: {'line': b'running build_ext\n'}
[1.843017] (track_drive) StdoutLine: {'line': b'Creating /home/wlwnstn2396/xycar_ws/install/track_drive/lib/python3.10/site-packages/track-drive.egg-link (link to .)\n'}
[1.843617] (track_drive) StdoutLine: {'line': b'Installing track_drive script to /home/wlwnstn2396/xycar_ws/install/track_drive/lib/track_drive\n'}
[1.844272] (track_drive) StdoutLine: {'line': b'\n'}
[1.844473] (track_drive) StdoutLine: {'line': b'Installed /home/wlwnstn2396/xycar_ws/build/track_drive\n'}
[1.844630] (track_drive) StdoutLine: {'line': b'running symlink_data\n'}
[1.844779] (track_drive) StdoutLine: {'line': b'creating /home/wlwnstn2396/xycar_ws/install/track_drive/share/ament_index\n'}
[1.845245] (track_drive) StdoutLine: {'line': b'creating /home/wlwnstn2396/xycar_ws/install/track_drive/share/ament_index/resource_index\n'}
[1.845398] (track_drive) StdoutLine: {'line': b'creating /home/wlwnstn2396/xycar_ws/install/track_drive/share/ament_index/resource_index/packages\n'}
[1.845514] (track_drive) StdoutLine: {'line': b'symbolically linking /home/wlwnstn2396/xycar_ws/build/track_drive/resource/track_drive -> /home/wlwnstn2396/xycar_ws/install/track_drive/share/ament_index/resource_index/packages\n'}
[1.845629] (track_drive) StdoutLine: {'line': b'symbolically linking /home/wlwnstn2396/xycar_ws/build/track_drive/package.xml -> /home/wlwnstn2396/xycar_ws/install/track_drive/share/track_drive\n'}
[1.845713] (track_drive) StdoutLine: {'line': b'creating /home/wlwnstn2396/xycar_ws/install/track_drive/share/track_drive/launch\n'}
[1.858473] (ros_tcp_endpoint) StdoutLine: {'line': b'running egg_info\n'}
[1.858748] (ros_tcp_endpoint) StdoutLine: {'line': b'creating ros_tcp_endpoint.egg-info\n'}
[1.859215] (ros_tcp_endpoint) StdoutLine: {'line': b'writing ros_tcp_endpoint.egg-info/PKG-INFO\n'}
[1.859362] (ros_tcp_endpoint) StdoutLine: {'line': b'writing dependency_links to ros_tcp_endpoint.egg-info/dependency_links.txt\n'}
[1.859539] (ros_tcp_endpoint) StdoutLine: {'line': b'writing entry points to ros_tcp_endpoint.egg-info/entry_points.txt\n'}
[1.859924] (ros_tcp_endpoint) StdoutLine: {'line': b'writing requirements to ros_tcp_endpoint.egg-info/requires.txt\n'}
[1.860281] (ros_tcp_endpoint) StdoutLine: {'line': b'writing top-level names to ros_tcp_endpoint.egg-info/top_level.txt\n'}
[1.860604] (ros_tcp_endpoint) StdoutLine: {'line': b"writing manifest file 'ros_tcp_endpoint.egg-info/SOURCES.txt'\n"}
[1.863532] (ros_tcp_endpoint) StdoutLine: {'line': b"reading manifest file 'ros_tcp_endpoint.egg-info/SOURCES.txt'\n"}
[1.864623] (ros_tcp_endpoint) StdoutLine: {'line': b"writing manifest file 'ros_tcp_endpoint.egg-info/SOURCES.txt'\n"}
[1.867404] (ros_tcp_endpoint) StdoutLine: {'line': b'running build_ext\n'}
[1.867936] (ros_tcp_endpoint) StdoutLine: {'line': b'Creating /home/wlwnstn2396/xycar_ws/install/ros_tcp_endpoint/lib/python3.10/site-packages/ros-tcp-endpoint.egg-link (link to .)\n'}
[1.868801] (ros_tcp_endpoint) StdoutLine: {'line': b'Installing default_server_endpoint script to /home/wlwnstn2396/xycar_ws/install/ros_tcp_endpoint/lib/ros_tcp_endpoint\n'}
[1.869393] (ros_tcp_endpoint) StdoutLine: {'line': b'\n'}
[1.869733] (ros_tcp_endpoint) StdoutLine: {'line': b'Installed /home/wlwnstn2396/xycar_ws/build/ros_tcp_endpoint\n'}
[1.869983] (ros_tcp_endpoint) StdoutLine: {'line': b'running symlink_data\n'}
[1.870265] (ros_tcp_endpoint) StdoutLine: {'line': b'creating /home/wlwnstn2396/xycar_ws/install/ros_tcp_endpoint/share/ament_index\n'}
[1.870856] (ros_tcp_endpoint) StdoutLine: {'line': b'creating /home/wlwnstn2396/xycar_ws/install/ros_tcp_endpoint/share/ament_index/resource_index\n'}
[1.871039] (ros_tcp_endpoint) StdoutLine: {'line': b'creating /home/wlwnstn2396/xycar_ws/install/ros_tcp_endpoint/share/ament_index/resource_index/packages\n'}
[1.871146] (ros_tcp_endpoint) StdoutLine: {'line': b'symbolically linking /home/wlwnstn2396/xycar_ws/build/ros_tcp_endpoint/resource/ros_tcp_endpoint -> /home/wlwnstn2396/xycar_ws/install/ros_tcp_endpoint/share/ament_index/resource_index/packages\n'}
[1.871401] (ros_tcp_endpoint) StdoutLine: {'line': b'symbolically linking /home/wlwnstn2396/xycar_ws/build/ros_tcp_endpoint/package.xml -> /home/wlwnstn2396/xycar_ws/install/ros_tcp_endpoint/share/ros_tcp_endpoint\n'}
[1.871542] (ros_tcp_endpoint) StdoutLine: {'line': b'creating /home/wlwnstn2396/xycar_ws/install/ros_tcp_endpoint/share/ros_tcp_endpoint/launch\n'}
[1.871650] (ros_tcp_endpoint) StdoutLine: {'line': b'symbolically linking /home/wlwnstn2396/xycar_ws/build/ros_tcp_endpoint/launch/endpoint.py -> /home/wlwnstn2396/xycar_ws/install/ros_tcp_endpoint/share/ros_tcp_endpoint/launch\n'}
[1.879799] (my_motor) CommandEnded: {'returncode': 0}
[1.903821] (my_motor) JobEnded: {'identifier': 'my_motor', 'rc': 0}
[1.907816] (-) TimerEvent: {}
[1.908390] (my_imu) CommandEnded: {'returncode': 0}
[1.918248] (my_imu) JobEnded: {'identifier': 'my_imu', 'rc': 0}
[1.919707] (track_drive) CommandEnded: {'returncode': 0}
[1.927463] (track_drive) JobEnded: {'identifier': 'track_drive', 'rc': 0}
[1.928154] (ros_tcp_endpoint) CommandEnded: {'returncode': 0}
[1.935984] (ros_tcp_endpoint) JobEnded: {'identifier': 'ros_tcp_endpoint', 'rc': 0}
[1.974713] (xycar_msgs) StdoutLine: {'line': b'-- Found Python3: /usr/bin/python3 (found version "3.10.12") found components: Interpreter \n'}
[2.008015] (-) TimerEvent: {}
[2.089037] (xycar_msgs) StdoutLine: {'line': b'-- Override CMake install command with custom implementation using symlinks instead of copying resources\n'}
[2.108192] (-) TimerEvent: {}
[2.163146] (xycar_msgs) StdoutLine: {'line': b'-- Found rosidl_default_generators: 1.2.1 (/opt/ros/humble/share/rosidl_default_generators/cmake)\n'}
[2.178102] (xycar_msgs) StdoutLine: {'line': b'-- Using all available rosidl_typesupport_c: rosidl_typesupport_fastrtps_c;rosidl_typesupport_introspection_c\n'}
[2.196804] (xycar_msgs) StdoutLine: {'line': b'-- Found rosidl_adapter: 3.1.8 (/opt/ros/humble/share/rosidl_adapter/cmake)\n'}
[2.208457] (-) TimerEvent: {}
[2.309031] (-) TimerEvent: {}
[2.409616] (-) TimerEvent: {}
[2.447562] (xycar_msgs) StdoutLine: {'line': b'-- Using all available rosidl_typesupport_cpp: rosidl_typesupport_fastrtps_cpp;rosidl_typesupport_introspection_cpp\n'}
[2.509807] (-) TimerEvent: {}
[2.529965] (xycar_msgs) StdoutLine: {'line': b'-- Found std_msgs: 4.9.1 (/opt/ros/humble/share/std_msgs/cmake)\n'}
[2.576342] (xycar_msgs) StdoutLine: {'line': b'-- Found sensor_msgs: 4.9.1 (/opt/ros/humble/share/sensor_msgs/cmake)\n'}
[2.609994] (-) TimerEvent: {}
[2.710322] (-) TimerEvent: {}
[2.810809] (-) TimerEvent: {}
[2.911423] (-) TimerEvent: {}
[2.936139] (xycar_msgs) StdoutLine: {'line': b'-- Found ament_cmake_ros: 0.10.0 (/opt/ros/humble/share/ament_cmake_ros/cmake)\n'}
[3.011667] (-) TimerEvent: {}
[3.112078] (-) TimerEvent: {}
[3.212605] (-) TimerEvent: {}
[3.235015] (xycar_msgs) StdoutLine: {'line': b'-- Using all available rosidl_typesupport_c: rosidl_typesupport_fastrtps_c;rosidl_typesupport_introspection_c\n'}
[3.312879] (-) TimerEvent: {}
[3.413606] (-) TimerEvent: {}
[3.514183] (-) TimerEvent: {}
[3.614524] (-) TimerEvent: {}
[3.714612] (xycar_msgs) StdoutLine: {'line': b'-- Using all available rosidl_typesupport_cpp: rosidl_typesupport_fastrtps_cpp;rosidl_typesupport_introspection_cpp\n'}
[3.714769] (-) TimerEvent: {}
[3.815146] (-) TimerEvent: {}
[3.826060] (xycar_msgs) StdoutLine: {'line': b'-- Found PythonInterp: /usr/bin/python3 (found suitable version "3.10.12", minimum required is "3.6") \n'}
[3.828920] (xycar_msgs) StdoutLine: {'line': b'-- Found python_cmake_module: 0.10.0 (/opt/ros/humble/share/python_cmake_module/cmake)\n'}
[3.915286] (-) TimerEvent: {}
[4.015712] (-) TimerEvent: {}
[4.116114] (-) TimerEvent: {}
[4.173199] (xycar_msgs) StdoutLine: {'line': b'-- Found PythonLibs: /usr/lib/x86_64-linux-gnu/libpython3.10.so (found suitable version "3.10.12", minimum required is "3.5") \n'}
[4.173369] (xycar_msgs) StdoutLine: {'line': b'-- Using PYTHON_EXECUTABLE: /usr/bin/python3\n'}
[4.173417] (xycar_msgs) StdoutLine: {'line': b'-- Using PYTHON_INCLUDE_DIRS: /usr/include/python3.10\n'}
[4.173452] (xycar_msgs) StdoutLine: {'line': b'-- Using PYTHON_LIBRARIES: /usr/lib/x86_64-linux-gnu/libpython3.10.so\n'}
[4.200276] (xycar_msgs) StdoutLine: {'line': b'-- Found PythonExtra: .so  \n'}
[4.216252] (-) TimerEvent: {}
[4.316707] (-) TimerEvent: {}
[4.417351] (-) TimerEvent: {}
[4.487334] (xycar_msgs) StdoutLine: {'line': b'-- Found ament_lint_auto: 0.12.15 (/opt/ros/humble/share/ament_lint_auto/cmake)\n'}
[4.517608] (-) TimerEvent: {}
[4.543931] (xycar_msgs) StdoutLine: {'line': b"-- Added test 'lint_cmake' to check CMake code style\n"}
[4.547214] (xycar_msgs) StdoutLine: {'line': b"-- Added test 'xmllint' to check XML markup files\n"}
[4.556690] (xycar_msgs) StdoutLine: {'line': b'-- Configuring done\n'}
[4.617889] (-) TimerEvent: {}
[4.623362] (xycar_msgs) StdoutLine: {'line': b'-- Generating done\n'}
[4.636853] (xycar_msgs) StdoutLine: {'line': b'-- Build files have been written to: /home/wlwnstn2396/xycar_ws/build/xycar_msgs\n'}
[4.647671] (xycar_msgs) CommandEnded: {'returncode': 0}
[4.648564] (xycar_msgs) JobProgress: {'identifier': 'xycar_msgs', 'progress': 'build'}
[4.648616] (xycar_msgs) Command: {'cmd': ['/usr/bin/cmake', '--build', '/home/wlwnstn2396/xycar_ws/build/xycar_msgs', '--', '-j16', '-l16'], 'cwd': '/home/wlwnstn2396/xycar_ws/build/xycar_msgs', 'env': OrderedDict([('LESSOPEN', '| /usr/bin/lesspipe %s'), ('USER', 'wlwnstn2396'), ('SHLVL', '1'), ('LD_LIBRARY_PATH', '/opt/ros/humble/opt/rviz_ogre_vendor/lib:/opt/ros/humble/lib/x86_64-linux-gnu:/opt/ros/humble/lib'), ('HOME', '/home/wlwnstn2396'), ('OLDPWD', '/home/wlwnstn2396/xycar_ws/src'), ('ROS_PYTHON_VERSION', '3'), ('DBUS_SESSION_BUS_ADDRESS', 'unix:path=/run/user/1000/bus'), ('WSL_DISTRO_NAME', 'Ubuntu-22.04'), ('WAYLAND_DISPLAY', 'wayland-0'), ('COLCON_PREFIX_PATH', '/home/wlwnstn2396/xycar_ws/install'), ('ROS_DISTRO', 'humble'), ('LOGNAME', 'wlwnstn2396'), ('NAME', 'DESKTOP-VA2ETC0'), ('WSL_INTEROP', '/run/WSL/94285_interop'), ('PULSE_SERVER', 'unix:/mnt/wslg/PulseServer'), ('_', '/usr/bin/colcon'), ('ROS_VERSION', '2'), ('TERM', 'xterm-256color'), ('ROS_LOCALHOST_ONLY', '0'), ('PATH', '/home/wlwnstn2396/.local/bin:/opt/ros/humble/bin:/usr/local/sbin:/usr/local/bin:/usr/sbin:/usr/bin:/sbin:/bin:/usr/games:/usr/local/games:/usr/lib/wsl/lib:/mnt/c/Program Files/WindowsApps/MicrosoftCorporationII.WindowsSubsystemForLinux_2.7.3.0_x64__8wekyb3d8bbwe:/mnt/c/Program Files/Eclipse Adoptium/jdk-21.0.10.7-hotspot/bin:/mnt/c/WINDOWS/system32:/mnt/c/WINDOWS:/mnt/c/WINDOWS/System32/Wbem:/mnt/c/WINDOWS/System32/WindowsPowerShell/v1.0/:/mnt/c/WINDOWS/System32/OpenSSH/:/mnt/c/Program Files/Git/cmd:/mnt/c/Users/JI/miniconda3:/mnt/c/Users/JI/miniconda3/Library/mingw-w64/bin:/mnt/c/Users/JI/miniconda3/Library/usr/bin:/mnt/c/Users/JI/miniconda3/Library/bin:/mnt/c/Users/JI/miniconda3/Scripts:/mnt/c/Users/JI/AppData/Local/Microsoft/WindowsApps:/mnt/c/msys64/ucrt64/bin:/mnt/c/Users/JI/AppData/Local/Programs/Microsoft VS Code/bin:/mnt/c/Users/JI/AppData/Local/Python/bin:/snap/bin:/home/wlwnstn2396/.local/bin'), ('XDG_RUNTIME_DIR', '/run/user/1000'), ('DISPLAY', ':0'), ('LANG', 'C.UTF-8'), ('LS_COLORS', 'rs=0:di=01;34:ln=01;36:mh=00:pi=40;33:so=01;35:do=01;35:bd=40;33;01:cd=40;33;01:or=40;31;01:mi=00:su=37;41:sg=30;43:ca=30;41:tw=30;42:ow=34;42:st=37;44:ex=01;32:*.tar=01;31:*.tgz=01;31:*.arc=01;31:*.arj=01;31:*.taz=01;31:*.lha=01;31:*.lz4=01;31:*.lzh=01;31:*.lzma=01;31:*.tlz=01;31:*.txz=01;31:*.tzo=01;31:*.t7z=01;31:*.zip=01;31:*.z=01;31:*.dz=01;31:*.gz=01;31:*.lrz=01;31:*.lz=01;31:*.lzo=01;31:*.xz=01;31:*.zst=01;31:*.tzst=01;31:*.bz2=01;31:*.bz=01;31:*.tbz=01;31:*.tbz2=01;31:*.tz=01;31:*.deb=01;31:*.rpm=01;31:*.jar=01;31:*.war=01;31:*.ear=01;31:*.sar=01;31:*.rar=01;31:*.alz=01;31:*.ace=01;31:*.zoo=01;31:*.cpio=01;31:*.7z=01;31:*.rz=01;31:*.cab=01;31:*.wim=01;31:*.swm=01;31:*.dwm=01;31:*.esd=01;31:*.jpg=01;35:*.jpeg=01;35:*.mjpg=01;35:*.mjpeg=01;35:*.gif=01;35:*.bmp=01;35:*.pbm=01;35:*.pgm=01;35:*.ppm=01;35:*.tga=01;35:*.xbm=01;35:*.xpm=01;35:*.tif=01;35:*.tiff=01;35:*.png=01;35:*.svg=01;35:*.svgz=01;35:*.mng=01;35:*.pcx=01;35:*.mov=01;35:*.mpg=01;35:*.mpeg=01;35:*.m2v=01;35:*.mkv=01;35:*.webm=01;35:*.webp=01;35:*.ogm=01;35:*.mp4=01;35:*.m4v=01;35:*.mp4v=01;35:*.vob=01;35:*.qt=01;35:*.nuv=01;35:*.wmv=01;35:*.asf=01;35:*.rm=01;35:*.rmvb=01;35:*.flc=01;35:*.avi=01;35:*.fli=01;35:*.flv=01;35:*.gl=01;35:*.dl=01;35:*.xcf=01;35:*.xwd=01;35:*.yuv=01;35:*.cgm=01;35:*.emf=01;35:*.ogv=01;35:*.ogx=01;35:*.aac=00;36:*.au=00;36:*.flac=00;36:*.m4a=00;36:*.mid=00;36:*.midi=00;36:*.mka=00;36:*.mp3=00;36:*.mpc=00;36:*.ogg=00;36:*.ra=00;36:*.wav=00;36:*.oga=00;36:*.opus=00;36:*.spx=00;36:*.xspf=00;36:'), ('AMENT_PREFIX_PATH', '/opt/ros/humble'), ('SHELL', '/bin/bash'), ('LESSCLOSE', '/usr/bin/lesspipe %s %s'), ('PWD', '/home/wlwnstn2396/xycar_ws/build/xycar_msgs'), ('XDG_DATA_DIRS', '/usr/local/share:/usr/share:/var/lib/snapd/desktop'), ('PYTHONPATH', '/opt/ros/humble/lib/python3.10/site-packages:/opt/ros/humble/local/lib/python3.10/dist-packages'), ('COLCON', '1'), ('WSL2_GUI_APPS_ENABLED', '1'), ('HOSTTYPE', 'x86_64'), ('WSLENV', ''), ('CMAKE_PREFIX_PATH', '/opt/ros/humble')]), 'shell': False}
[4.693140] (xycar_msgs) StdoutLine: {'line': b'[  2%] \x1b[34m\x1b[1mGenerating C code for ROS interfaces\x1b[0m\n'}
[4.701642] (xycar_msgs) StdoutLine: {'line': b'[  7%] \x1b[34m\x1b[1mGenerating Rust code for ROS interfaces\x1b[0m\n'}
[4.705902] (xycar_msgs) StdoutLine: {'line': b'[  7%] \x1b[34m\x1b[1mGenerating C++ code for ROS interfaces\x1b[0m\n'}
[4.714195] (xycar_msgs) StdoutLine: {'line': b'[  7%] Built target ament_cmake_python_symlink_xycar_msgs\n'}
[4.718138] (-) TimerEvent: {}
[4.818901] (-) TimerEvent: {}
[4.915401] (xycar_msgs) StdoutLine: {'line': b'[  7%] Built target xycar_msgs__rs\n'}
[4.915898] (xycar_msgs) StdoutLine: {'line': b'running egg_info\n'}
[4.916312] (xycar_msgs) StdoutLine: {'line': b'creating xycar_msgs.egg-info\n'}
[4.916578] (xycar_msgs) StdoutLine: {'line': b'writing xycar_msgs.egg-info/PKG-INFO\n'}
[4.916829] (xycar_msgs) StdoutLine: {'line': b'writing dependency_links to xycar_msgs.egg-info/dependency_links.txt\n'}
[4.917100] (xycar_msgs) StdoutLine: {'line': b'writing top-level names to xycar_msgs.egg-info/top_level.txt\n'}
[4.917317] (xycar_msgs) StdoutLine: {'line': b"writing manifest file 'xycar_msgs.egg-info/SOURCES.txt'\n"}
[4.919005] (xycar_msgs) StdoutLine: {'line': b"reading manifest file 'xycar_msgs.egg-info/SOURCES.txt'\n"}
[4.919196] (-) TimerEvent: {}
[4.919422] (xycar_msgs) StdoutLine: {'line': b"writing manifest file 'xycar_msgs.egg-info/SOURCES.txt'\n"}
[4.948945] (xycar_msgs) StdoutLine: {'line': b'[  7%] Built target ament_cmake_python_build_xycar_msgs_egg\n'}
[4.966860] (xycar_msgs) StdoutLine: {'line': b'[  7%] Built target xycar_msgs__cpp\n'}
[4.976972] (xycar_msgs) StdoutLine: {'line': b'[ 12%] \x1b[34m\x1b[1mGenerating C++ type support dispatch for ROS interfaces\x1b[0m\n'}
[4.977342] (xycar_msgs) StdoutLine: {'line': b'[ 12%] \x1b[34m\x1b[1mGenerating C++ introspection for ROS interfaces\x1b[0m\n'}
[4.977610] (xycar_msgs) StdoutLine: {'line': b'[ 15%] \x1b[34m\x1b[1mGenerating C++ type support for eProsima Fast-RTPS\x1b[0m\n'}
[4.986030] (xycar_msgs) StdoutLine: {'line': b'[ 17%] \x1b[32mBuilding C object CMakeFiles/xycar_msgs__rosidl_generator_c.dir/rosidl_generator_c/xycar_msgs/msg/detail/xycar_motor__functions.c.o\x1b[0m\n'}
[4.989272] (xycar_msgs) StdoutLine: {'line': b'[ 20%] \x1b[32mBuilding C object CMakeFiles/xycar_msgs__rosidl_generator_c.dir/rosidl_generator_c/xycar_msgs/msg/detail/xycar_ultrasonic__functions.c.o\x1b[0m\n'}
[5.019361] (-) TimerEvent: {}
[5.072576] (xycar_msgs) StdoutLine: {'line': b'[ 22%] \x1b[32m\x1b[1mLinking C shared library libxycar_msgs__rosidl_generator_c.so\x1b[0m\n'}
[5.119554] (-) TimerEvent: {}
[5.192429] (xycar_msgs) StdoutLine: {'line': b'[ 27%] \x1b[32mBuilding CXX object CMakeFiles/xycar_msgs__rosidl_typesupport_cpp.dir/rosidl_typesupport_cpp/xycar_msgs/msg/xycar_motor__type_support.cpp.o\x1b[0m\n'}
[5.192720] (xycar_msgs) StdoutLine: {'line': b'[ 27%] \x1b[32mBuilding CXX object CMakeFiles/xycar_msgs__rosidl_typesupport_cpp.dir/rosidl_typesupport_cpp/xycar_msgs/msg/xycar_ultrasonic__type_support.cpp.o\x1b[0m\n'}
[5.210293] (xycar_msgs) StdoutLine: {'line': b'[ 30%] \x1b[32mBuilding CXX object CMakeFiles/xycar_msgs__rosidl_typesupport_introspection_cpp.dir/rosidl_typesupport_introspection_cpp/xycar_msgs/msg/detail/xycar_motor__type_support.cpp.o\x1b[0m\n'}
[5.211650] (xycar_msgs) StdoutLine: {'line': b'[ 32%] \x1b[32mBuilding CXX object CMakeFiles/xycar_msgs__rosidl_typesupport_introspection_cpp.dir/rosidl_typesupport_introspection_cpp/xycar_msgs/msg/detail/xycar_ultrasonic__type_support.cpp.o\x1b[0m\n'}
[5.215356] (xycar_msgs) StdoutLine: {'line': b'[ 32%] Built target xycar_msgs__rosidl_generator_c\n'}
[5.216140] (xycar_msgs) StdoutLine: {'line': b'[ 37%] \x1b[32mBuilding CXX object CMakeFiles/xycar_msgs__rosidl_typesupport_fastrtps_cpp.dir/rosidl_typesupport_fastrtps_cpp/xycar_msgs/msg/detail/dds_fastrtps/xycar_ultrasonic__type_support.cpp.o\x1b[0m\n'}
[5.216281] (xycar_msgs) StdoutLine: {'line': b'[ 37%] \x1b[32mBuilding CXX object CMakeFiles/xycar_msgs__rosidl_typesupport_fastrtps_cpp.dir/rosidl_typesupport_fastrtps_cpp/xycar_msgs/msg/detail/dds_fastrtps/xycar_motor__type_support.cpp.o\x1b[0m\n'}
[5.219741] (-) TimerEvent: {}
[5.226867] (xycar_msgs) StdoutLine: {'line': b'[ 40%] \x1b[34m\x1b[1mGenerating C type support for eProsima Fast-RTPS\x1b[0m\n'}
[5.227586] (xycar_msgs) StdoutLine: {'line': b'[ 42%] \x1b[34m\x1b[1mGenerating C type support dispatch for ROS interfaces\x1b[0m\n'}
[5.227943] (xycar_msgs) StdoutLine: {'line': b'[ 45%] \x1b[34m\x1b[1mGenerating C introspection for ROS interfaces\x1b[0m\n'}
[5.319917] (-) TimerEvent: {}
[5.420439] (-) TimerEvent: {}
[5.521011] (-) TimerEvent: {}
[5.529181] (xycar_msgs) StdoutLine: {'line': b'[ 47%] \x1b[32mBuilding CXX object CMakeFiles/xycar_msgs__rosidl_typesupport_c.dir/rosidl_typesupport_c/xycar_msgs/msg/xycar_ultrasonic__type_support.cpp.o\x1b[0m\n'}
[5.532144] (xycar_msgs) StdoutLine: {'line': b'[ 50%] \x1b[32mBuilding CXX object CMakeFiles/xycar_msgs__rosidl_typesupport_c.dir/rosidl_typesupport_c/xycar_msgs/msg/xycar_motor__type_support.cpp.o\x1b[0m\n'}
[5.573941] (xycar_msgs) StdoutLine: {'line': b'[ 52%] \x1b[32m\x1b[1mLinking CXX shared library libxycar_msgs__rosidl_typesupport_c.so\x1b[0m\n'}
[5.575156] (xycar_msgs) StdoutLine: {'line': b'[ 55%] \x1b[32m\x1b[1mLinking CXX shared library libxycar_msgs__rosidl_typesupport_cpp.so\x1b[0m\n'}
[5.580514] (xycar_msgs) StdoutLine: {'line': b'[ 60%] \x1b[32mBuilding C object CMakeFiles/xycar_msgs__rosidl_typesupport_introspection_c.dir/rosidl_typesupport_introspection_c/xycar_msgs/msg/detail/xycar_motor__type_support.c.o\x1b[0m\n'}
[5.580823] (xycar_msgs) StdoutLine: {'line': b'[ 60%] \x1b[32mBuilding C object CMakeFiles/xycar_msgs__rosidl_typesupport_introspection_c.dir/rosidl_typesupport_introspection_c/xycar_msgs/msg/detail/xycar_ultrasonic__type_support.c.o\x1b[0m\n'}
[5.588160] (xycar_msgs) StdoutLine: {'line': b'[ 62%] \x1b[32mBuilding CXX object CMakeFiles/xycar_msgs__rosidl_typesupport_fastrtps_c.dir/rosidl_typesupport_fastrtps_c/xycar_msgs/msg/detail/xycar_motor__type_support_c.cpp.o\x1b[0m\n'}
[5.592999] (xycar_msgs) StdoutLine: {'line': b'[ 65%] \x1b[32mBuilding CXX object CMakeFiles/xycar_msgs__rosidl_typesupport_fastrtps_c.dir/rosidl_typesupport_fastrtps_c/xycar_msgs/msg/detail/xycar_ultrasonic__type_support_c.cpp.o\x1b[0m\n'}
[5.621196] (-) TimerEvent: {}
[5.636334] (xycar_msgs) StdoutLine: {'line': b'[ 67%] \x1b[32m\x1b[1mLinking C shared library libxycar_msgs__rosidl_typesupport_introspection_c.so\x1b[0m\n'}
[5.698207] (xycar_msgs) StdoutLine: {'line': b'[ 67%] Built target xycar_msgs__rosidl_typesupport_cpp\n'}
[5.714077] (xycar_msgs) StdoutLine: {'line': b'[ 67%] Built target xycar_msgs__rosidl_typesupport_c\n'}
[5.721399] (-) TimerEvent: {}
[5.801938] (xycar_msgs) StdoutLine: {'line': b'[ 70%] \x1b[32m\x1b[1mLinking CXX shared library libxycar_msgs__rosidl_typesupport_introspection_cpp.so\x1b[0m\n'}
[5.809761] (xycar_msgs) StdoutLine: {'line': b'[ 70%] Built target xycar_msgs__rosidl_typesupport_introspection_c\n'}
[5.811965] (xycar_msgs) StdoutLine: {'line': b'[ 72%] \x1b[32m\x1b[1mLinking CXX shared library libxycar_msgs__rosidl_typesupport_fastrtps_cpp.so\x1b[0m\n'}
[5.821660] (-) TimerEvent: {}
[5.922263] (-) TimerEvent: {}
[5.926786] (xycar_msgs) StdoutLine: {'line': b'[ 75%] \x1b[32m\x1b[1mLinking CXX shared library libxycar_msgs__rosidl_typesupport_fastrtps_c.so\x1b[0m\n'}
[5.948116] (xycar_msgs) StdoutLine: {'line': b'[ 75%] Built target xycar_msgs__rosidl_typesupport_introspection_cpp\n'}
[5.949916] (xycar_msgs) StdoutLine: {'line': b'[ 75%] Built target xycar_msgs__rosidl_typesupport_fastrtps_cpp\n'}
[6.022407] (-) TimerEvent: {}
[6.108512] (xycar_msgs) StdoutLine: {'line': b'[ 75%] Built target xycar_msgs__rosidl_typesupport_fastrtps_c\n'}
[6.122776] (-) TimerEvent: {}
[6.143019] (xycar_msgs) StdoutLine: {'line': b'[ 75%] Built target xycar_msgs\n'}
[6.173902] (xycar_msgs) StdoutLine: {'line': b'[ 77%] \x1b[34m\x1b[1mGenerating Python code for ROS interfaces\x1b[0m\n'}
[6.223109] (-) TimerEvent: {}
[6.323706] (-) TimerEvent: {}
[6.424197] (-) TimerEvent: {}
[6.524563] (-) TimerEvent: {}
[6.615387] (xycar_msgs) StdoutLine: {'line': b'[ 77%] Built target xycar_msgs__py\n'}
[6.624720] (-) TimerEvent: {}
[6.633415] (xycar_msgs) StdoutLine: {'line': b'[ 80%] \x1b[32mBuilding C object CMakeFiles/xycar_msgs__rosidl_generator_py.dir/rosidl_generator_py/xycar_msgs/msg/_xycar_motor_s.c.o\x1b[0m\n'}
[6.633864] (xycar_msgs) StdoutLine: {'line': b'[ 82%] \x1b[32mBuilding C object CMakeFiles/xycar_msgs__rosidl_generator_py.dir/rosidl_generator_py/xycar_msgs/msg/_xycar_ultrasonic_s.c.o\x1b[0m\n'}
[6.724854] (-) TimerEvent: {}
[6.787862] (xycar_msgs) StdoutLine: {'line': b'[ 85%] \x1b[32m\x1b[1mLinking C shared library rosidl_generator_py/xycar_msgs/libxycar_msgs__rosidl_generator_py.so\x1b[0m\n'}
[6.825034] (-) TimerEvent: {}
[6.925625] (-) TimerEvent: {}
[6.940474] (xycar_msgs) StdoutLine: {'line': b'[ 85%] Built target xycar_msgs__rosidl_generator_py\n'}
[6.961946] (xycar_msgs) StdoutLine: {'line': b'[ 90%] \x1b[32mBuilding C object CMakeFiles/xycar_msgs__rosidl_typesupport_c__pyext.dir/rosidl_generator_py/xycar_msgs/_xycar_msgs_s.ep.rosidl_typesupport_c.c.o\x1b[0m\n'}
[6.962202] (xycar_msgs) StdoutLine: {'line': b'[ 90%] \x1b[32mBuilding C object CMakeFiles/xycar_msgs__rosidl_typesupport_introspection_c__pyext.dir/rosidl_generator_py/xycar_msgs/_xycar_msgs_s.ep.rosidl_typesupport_introspection_c.c.o\x1b[0m\n'}
[6.962358] (xycar_msgs) StdoutLine: {'line': b'[ 92%] \x1b[32mBuilding C object CMakeFiles/xycar_msgs__rosidl_typesupport_fastrtps_c__pyext.dir/rosidl_generator_py/xycar_msgs/_xycar_msgs_s.ep.rosidl_typesupport_fastrtps_c.c.o\x1b[0m\n'}
[7.025758] (-) TimerEvent: {}
[7.043721] (xycar_msgs) StdoutLine: {'line': b'[100%] \x1b[32m\x1b[1mLinking C shared library rosidl_generator_py/xycar_msgs/xycar_msgs_s__rosidl_typesupport_fastrtps_c.cpython-310-x86_64-linux-gnu.so\x1b[0m\n'}
[7.043896] (xycar_msgs) StdoutLine: {'line': b'[100%] \x1b[32m\x1b[1mLinking C shared library rosidl_generator_py/xycar_msgs/xycar_msgs_s__rosidl_typesupport_c.cpython-310-x86_64-linux-gnu.so\x1b[0m\n'}
[7.043945] (xycar_msgs) StdoutLine: {'line': b'[100%] \x1b[32m\x1b[1mLinking C shared library rosidl_generator_py/xycar_msgs/xycar_msgs_s__rosidl_typesupport_introspection_c.cpython-310-x86_64-linux-gnu.so\x1b[0m\n'}
[7.125888] (-) TimerEvent: {}
[7.135667] (xycar_msgs) StdoutLine: {'line': b'[100%] Built target xycar_msgs__rosidl_typesupport_fastrtps_c__pyext\n'}
[7.135945] (xycar_msgs) StdoutLine: {'line': b'[100%] Built target xycar_msgs__rosidl_typesupport_c__pyext\n'}
[7.136210] (xycar_msgs) StdoutLine: {'line': b'[100%] Built target xycar_msgs__rosidl_typesupport_introspection_c__pyext\n'}
[7.145858] (xycar_msgs) CommandEnded: {'returncode': 0}
[7.147042] (xycar_msgs) JobProgress: {'identifier': 'xycar_msgs', 'progress': 'install'}
[7.155107] (xycar_msgs) Command: {'cmd': ['/usr/bin/cmake', '--install', '/home/wlwnstn2396/xycar_ws/build/xycar_msgs'], 'cwd': '/home/wlwnstn2396/xycar_ws/build/xycar_msgs', 'env': OrderedDict([('LESSOPEN', '| /usr/bin/lesspipe %s'), ('USER', 'wlwnstn2396'), ('SHLVL', '1'), ('LD_LIBRARY_PATH', '/opt/ros/humble/opt/rviz_ogre_vendor/lib:/opt/ros/humble/lib/x86_64-linux-gnu:/opt/ros/humble/lib'), ('HOME', '/home/wlwnstn2396'), ('OLDPWD', '/home/wlwnstn2396/xycar_ws/src'), ('ROS_PYTHON_VERSION', '3'), ('DBUS_SESSION_BUS_ADDRESS', 'unix:path=/run/user/1000/bus'), ('WSL_DISTRO_NAME', 'Ubuntu-22.04'), ('WAYLAND_DISPLAY', 'wayland-0'), ('COLCON_PREFIX_PATH', '/home/wlwnstn2396/xycar_ws/install'), ('ROS_DISTRO', 'humble'), ('LOGNAME', 'wlwnstn2396'), ('NAME', 'DESKTOP-VA2ETC0'), ('WSL_INTEROP', '/run/WSL/94285_interop'), ('PULSE_SERVER', 'unix:/mnt/wslg/PulseServer'), ('_', '/usr/bin/colcon'), ('ROS_VERSION', '2'), ('TERM', 'xterm-256color'), ('ROS_LOCALHOST_ONLY', '0'), ('PATH', '/home/wlwnstn2396/.local/bin:/opt/ros/humble/bin:/usr/local/sbin:/usr/local/bin:/usr/sbin:/usr/bin:/sbin:/bin:/usr/games:/usr/local/games:/usr/lib/wsl/lib:/mnt/c/Program Files/WindowsApps/MicrosoftCorporationII.WindowsSubsystemForLinux_2.7.3.0_x64__8wekyb3d8bbwe:/mnt/c/Program Files/Eclipse Adoptium/jdk-21.0.10.7-hotspot/bin:/mnt/c/WINDOWS/system32:/mnt/c/WINDOWS:/mnt/c/WINDOWS/System32/Wbem:/mnt/c/WINDOWS/System32/WindowsPowerShell/v1.0/:/mnt/c/WINDOWS/System32/OpenSSH/:/mnt/c/Program Files/Git/cmd:/mnt/c/Users/JI/miniconda3:/mnt/c/Users/JI/miniconda3/Library/mingw-w64/bin:/mnt/c/Users/JI/miniconda3/Library/usr/bin:/mnt/c/Users/JI/miniconda3/Library/bin:/mnt/c/Users/JI/miniconda3/Scripts:/mnt/c/Users/JI/AppData/Local/Microsoft/WindowsApps:/mnt/c/msys64/ucrt64/bin:/mnt/c/Users/JI/AppData/Local/Programs/Microsoft VS Code/bin:/mnt/c/Users/JI/AppData/Local/Python/bin:/snap/bin:/home/wlwnstn2396/.local/bin'), ('XDG_RUNTIME_DIR', '/run/user/1000'), ('DISPLAY', ':0'), ('LANG', 'C.UTF-8'), ('LS_COLORS', 'rs=0:di=01;34:ln=01;36:mh=00:pi=40;33:so=01;35:do=01;35:bd=40;33;01:cd=40;33;01:or=40;31;01:mi=00:su=37;41:sg=30;43:ca=30;41:tw=30;42:ow=34;42:st=37;44:ex=01;32:*.tar=01;31:*.tgz=01;31:*.arc=01;31:*.arj=01;31:*.taz=01;31:*.lha=01;31:*.lz4=01;31:*.lzh=01;31:*.lzma=01;31:*.tlz=01;31:*.txz=01;31:*.tzo=01;31:*.t7z=01;31:*.zip=01;31:*.z=01;31:*.dz=01;31:*.gz=01;31:*.lrz=01;31:*.lz=01;31:*.lzo=01;31:*.xz=01;31:*.zst=01;31:*.tzst=01;31:*.bz2=01;31:*.bz=01;31:*.tbz=01;31:*.tbz2=01;31:*.tz=01;31:*.deb=01;31:*.rpm=01;31:*.jar=01;31:*.war=01;31:*.ear=01;31:*.sar=01;31:*.rar=01;31:*.alz=01;31:*.ace=01;31:*.zoo=01;31:*.cpio=01;31:*.7z=01;31:*.rz=01;31:*.cab=01;31:*.wim=01;31:*.swm=01;31:*.dwm=01;31:*.esd=01;31:*.jpg=01;35:*.jpeg=01;35:*.mjpg=01;35:*.mjpeg=01;35:*.gif=01;35:*.bmp=01;35:*.pbm=01;35:*.pgm=01;35:*.ppm=01;35:*.tga=01;35:*.xbm=01;35:*.xpm=01;35:*.tif=01;35:*.tiff=01;35:*.png=01;35:*.svg=01;35:*.svgz=01;35:*.mng=01;35:*.pcx=01;35:*.mov=01;35:*.mpg=01;35:*.mpeg=01;35:*.m2v=01;35:*.mkv=01;35:*.webm=01;35:*.webp=01;35:*.ogm=01;35:*.mp4=01;35:*.m4v=01;35:*.mp4v=01;35:*.vob=01;35:*.qt=01;35:*.nuv=01;35:*.wmv=01;35:*.asf=01;35:*.rm=01;35:*.rmvb=01;35:*.flc=01;35:*.avi=01;35:*.fli=01;35:*.flv=01;35:*.gl=01;35:*.dl=01;35:*.xcf=01;35:*.xwd=01;35:*.yuv=01;35:*.cgm=01;35:*.emf=01;35:*.ogv=01;35:*.ogx=01;35:*.aac=00;36:*.au=00;36:*.flac=00;36:*.m4a=00;36:*.mid=00;36:*.midi=00;36:*.mka=00;36:*.mp3=00;36:*.mpc=00;36:*.ogg=00;36:*.ra=00;36:*.wav=00;36:*.oga=00;36:*.opus=00;36:*.spx=00;36:*.xspf=00;36:'), ('AMENT_PREFIX_PATH', '/opt/ros/humble'), ('SHELL', '/bin/bash'), ('LESSCLOSE', '/usr/bin/lesspipe %s %s'), ('PWD', '/home/wlwnstn2396/xycar_ws/build/xycar_msgs'), ('XDG_DATA_DIRS', '/usr/local/share:/usr/share:/var/lib/snapd/desktop'), ('PYTHONPATH', '/opt/ros/humble/lib/python3.10/site-packages:/opt/ros/humble/local/lib/python3.10/dist-packages'), ('COLCON', '1'), ('WSL2_GUI_APPS_ENABLED', '1'), ('HOSTTYPE', 'x86_64'), ('WSLENV', ''), ('CMAKE_PREFIX_PATH', '/opt/ros/humble')]), 'shell': False}
[7.161575] (xycar_msgs) StdoutLine: {'line': b'-- Install configuration: ""\n'}
[7.162254] (xycar_msgs) StdoutLine: {'line': b'-- Execute custom install script\n'}
[7.163053] (xycar_msgs) StdoutLine: {'line': b'-- Symlinking: /home/wlwnstn2396/xycar_ws/install/xycar_msgs/share/ament_index/resource_index/rosidl_interfaces/xycar_msgs\n'}
[7.172222] (xycar_msgs) StdoutLine: {'line': b'-- Symlinking: /home/wlwnstn2396/xycar_ws/install/xycar_msgs/include/xycar_msgs/xycar_msgs/msg/detail/xycar_motor__functions.h\n'}
[7.179410] (xycar_msgs) StdoutLine: {'line': b'-- Symlinking: /home/wlwnstn2396/xycar_ws/install/xycar_msgs/include/xycar_msgs/xycar_msgs/msg/detail/xycar_motor__struct.h\n'}
[7.187756] (xycar_msgs) StdoutLine: {'line': b'-- Symlinking: /home/wlwnstn2396/xycar_ws/install/xycar_msgs/include/xycar_msgs/xycar_msgs/msg/detail/xycar_motor__type_support.h\n'}
[7.195106] (xycar_msgs) StdoutLine: {'line': b'-- Symlinking: /home/wlwnstn2396/xycar_ws/install/xycar_msgs/include/xycar_msgs/xycar_msgs/msg/detail/xycar_ultrasonic__functions.h\n'}
[7.203504] (xycar_msgs) StdoutLine: {'line': b'-- Symlinking: /home/wlwnstn2396/xycar_ws/install/xycar_msgs/include/xycar_msgs/xycar_msgs/msg/detail/xycar_ultrasonic__struct.h\n'}
[7.213868] (xycar_msgs) StdoutLine: {'line': b'-- Symlinking: /home/wlwnstn2396/xycar_ws/install/xycar_msgs/include/xycar_msgs/xycar_msgs/msg/detail/xycar_ultrasonic__type_support.h\n'}
[7.223675] (xycar_msgs) StdoutLine: {'line': b'-- Symlinking: /home/wlwnstn2396/xycar_ws/install/xycar_msgs/include/xycar_msgs/xycar_msgs/msg/rosidl_generator_c__visibility_control.h\n'}
[7.226032] (-) TimerEvent: {}
[7.236698] (xycar_msgs) StdoutLine: {'line': b'-- Symlinking: /home/wlwnstn2396/xycar_ws/install/xycar_msgs/include/xycar_msgs/xycar_msgs/msg/xycar_motor.h\n'}
[7.251400] (xycar_msgs) StdoutLine: {'line': b'-- Symlinking: /home/wlwnstn2396/xycar_ws/install/xycar_msgs/include/xycar_msgs/xycar_msgs/msg/xycar_ultrasonic.h\n'}
[7.267015] (xycar_msgs) StdoutLine: {'line': b'-- Symlinking: /home/wlwnstn2396/xycar_ws/install/xycar_msgs/share/xycar_msgs/environment/library_path.sh\n'}
[7.281648] (xycar_msgs) StdoutLine: {'line': b'-- Symlinking: /home/wlwnstn2396/xycar_ws/install/xycar_msgs/share/xycar_msgs/environment/library_path.dsv\n'}
[7.292998] (xycar_msgs) StdoutLine: {'line': b'-- Symlinking: /home/wlwnstn2396/xycar_ws/install/xycar_msgs/include/xycar_msgs/xycar_msgs/msg/detail/xycar_motor__rosidl_typesupport_fastrtps_c.h\n'}
[7.302432] (xycar_msgs) StdoutLine: {'line': b'-- Symlinking: /home/wlwnstn2396/xycar_ws/install/xycar_msgs/include/xycar_msgs/xycar_msgs/msg/detail/xycar_ultrasonic__rosidl_typesupport_fastrtps_c.h\n'}
[7.311206] (xycar_msgs) StdoutLine: {'line': b'-- Symlinking: /home/wlwnstn2396/xycar_ws/install/xycar_msgs/include/xycar_msgs/xycar_msgs/msg/rosidl_typesupport_fastrtps_c__visibility_control.h\n'}
[7.320371] (xycar_msgs) StdoutLine: {'line': b'-- Symlinking: /home/wlwnstn2396/xycar_ws/install/xycar_msgs/include/xycar_msgs/xycar_msgs/msg/detail/xycar_motor__rosidl_typesupport_introspection_c.h\n'}
[7.326193] (-) TimerEvent: {}
[7.328292] (xycar_msgs) StdoutLine: {'line': b'-- Symlinking: /home/wlwnstn2396/xycar_ws/install/xycar_msgs/include/xycar_msgs/xycar_msgs/msg/detail/xycar_ultrasonic__rosidl_typesupport_introspection_c.h\n'}
[7.337697] (xycar_msgs) StdoutLine: {'line': b'-- Symlinking: /home/wlwnstn2396/xycar_ws/install/xycar_msgs/include/xycar_msgs/xycar_msgs/msg/rosidl_typesupport_introspection_c__visibility_control.h\n'}
[7.345249] (xycar_msgs) StdoutLine: {'line': b'-- Symlinking: /home/wlwnstn2396/xycar_ws/install/xycar_msgs/include/xycar_msgs/xycar_msgs/msg/detail/xycar_motor__builder.hpp\n'}
[7.353521] (xycar_msgs) StdoutLine: {'line': b'-- Symlinking: /home/wlwnstn2396/xycar_ws/install/xycar_msgs/include/xycar_msgs/xycar_msgs/msg/detail/xycar_motor__struct.hpp\n'}
[7.363702] (xycar_msgs) StdoutLine: {'line': b'-- Symlinking: /home/wlwnstn2396/xycar_ws/install/xycar_msgs/include/xycar_msgs/xycar_msgs/msg/detail/xycar_motor__traits.hpp\n'}
[7.374478] (xycar_msgs) StdoutLine: {'line': b'-- Symlinking: /home/wlwnstn2396/xycar_ws/install/xycar_msgs/include/xycar_msgs/xycar_msgs/msg/detail/xycar_motor__type_support.hpp\n'}
[7.384179] (xycar_msgs) StdoutLine: {'line': b'-- Symlinking: /home/wlwnstn2396/xycar_ws/install/xycar_msgs/include/xycar_msgs/xycar_msgs/msg/detail/xycar_ultrasonic__builder.hpp\n'}
[7.392537] (xycar_msgs) StdoutLine: {'line': b'-- Symlinking: /home/wlwnstn2396/xycar_ws/install/xycar_msgs/include/xycar_msgs/xycar_msgs/msg/detail/xycar_ultrasonic__struct.hpp\n'}
[7.401129] (xycar_msgs) StdoutLine: {'line': b'-- Symlinking: /home/wlwnstn2396/xycar_ws/install/xycar_msgs/include/xycar_msgs/xycar_msgs/msg/detail/xycar_ultrasonic__traits.hpp\n'}
[7.409958] (xycar_msgs) StdoutLine: {'line': b'-- Symlinking: /home/wlwnstn2396/xycar_ws/install/xycar_msgs/include/xycar_msgs/xycar_msgs/msg/detail/xycar_ultrasonic__type_support.hpp\n'}
[7.418343] (xycar_msgs) StdoutLine: {'line': b'-- Symlinking: /home/wlwnstn2396/xycar_ws/install/xycar_msgs/include/xycar_msgs/xycar_msgs/msg/rosidl_generator_cpp__visibility_control.hpp\n'}
[7.425774] (xycar_msgs) StdoutLine: {'line': b'-- Symlinking: /home/wlwnstn2396/xycar_ws/install/xycar_msgs/include/xycar_msgs/xycar_msgs/msg/xycar_motor.hpp\n'}
[7.426330] (-) TimerEvent: {}
[7.433408] (xycar_msgs) StdoutLine: {'line': b'-- Symlinking: /home/wlwnstn2396/xycar_ws/install/xycar_msgs/include/xycar_msgs/xycar_msgs/msg/xycar_ultrasonic.hpp\n'}
[7.442189] (xycar_msgs) StdoutLine: {'line': b'-- Symlinking: /home/wlwnstn2396/xycar_ws/install/xycar_msgs/include/xycar_msgs/xycar_msgs/msg/detail/xycar_motor__rosidl_typesupport_fastrtps_cpp.hpp\n'}
[7.450078] (xycar_msgs) StdoutLine: {'line': b'-- Symlinking: /home/wlwnstn2396/xycar_ws/install/xycar_msgs/include/xycar_msgs/xycar_msgs/msg/detail/xycar_ultrasonic__rosidl_typesupport_fastrtps_cpp.hpp\n'}
[7.457605] (xycar_msgs) StdoutLine: {'line': b'-- Symlinking: /home/wlwnstn2396/xycar_ws/install/xycar_msgs/include/xycar_msgs/xycar_msgs/msg/rosidl_typesupport_fastrtps_cpp__visibility_control.h\n'}
[7.466323] (xycar_msgs) StdoutLine: {'line': b'-- Symlinking: /home/wlwnstn2396/xycar_ws/install/xycar_msgs/include/xycar_msgs/xycar_msgs/msg/detail/xycar_motor__rosidl_typesupport_introspection_cpp.hpp\n'}
[7.474122] (xycar_msgs) StdoutLine: {'line': b'-- Symlinking: /home/wlwnstn2396/xycar_ws/install/xycar_msgs/include/xycar_msgs/xycar_msgs/msg/detail/xycar_ultrasonic__rosidl_typesupport_introspection_cpp.hpp\n'}
[7.483873] (xycar_msgs) StdoutLine: {'line': b'-- Symlinking: /home/wlwnstn2396/xycar_ws/install/xycar_msgs/share/xycar_msgs/environment/pythonpath.sh\n'}
[7.492832] (xycar_msgs) StdoutLine: {'line': b'-- Symlinking: /home/wlwnstn2396/xycar_ws/install/xycar_msgs/share/xycar_msgs/environment/pythonpath.dsv\n'}
[7.503097] (xycar_msgs) StdoutLine: {'line': b'-- Symlinking: /home/wlwnstn2396/xycar_ws/install/xycar_msgs/local/lib/python3.10/dist-packages/xycar_msgs-0.0.0-py3.10.egg-info/PKG-INFO\n'}
[7.512153] (xycar_msgs) StdoutLine: {'line': b'-- Symlinking: /home/wlwnstn2396/xycar_ws/install/xycar_msgs/local/lib/python3.10/dist-packages/xycar_msgs-0.0.0-py3.10.egg-info/SOURCES.txt\n'}
[7.521056] (xycar_msgs) StdoutLine: {'line': b'-- Symlinking: /home/wlwnstn2396/xycar_ws/install/xycar_msgs/local/lib/python3.10/dist-packages/xycar_msgs-0.0.0-py3.10.egg-info/dependency_links.txt\n'}
[7.526716] (-) TimerEvent: {}
[7.529587] (xycar_msgs) StdoutLine: {'line': b'-- Symlinking: /home/wlwnstn2396/xycar_ws/install/xycar_msgs/local/lib/python3.10/dist-packages/xycar_msgs-0.0.0-py3.10.egg-info/top_level.txt\n'}
[7.538542] (xycar_msgs) StdoutLine: {'line': b'-- Symlinking: /home/wlwnstn2396/xycar_ws/install/xycar_msgs/local/lib/python3.10/dist-packages/xycar_msgs/__init__.py\n'}
[7.547621] (xycar_msgs) StdoutLine: {'line': b'-- Symlinking: /home/wlwnstn2396/xycar_ws/install/xycar_msgs/local/lib/python3.10/dist-packages/xycar_msgs/_xycar_msgs_s.ep.rosidl_typesupport_c.c\n'}
[7.557281] (xycar_msgs) StdoutLine: {'line': b'-- Symlinking: /home/wlwnstn2396/xycar_ws/install/xycar_msgs/local/lib/python3.10/dist-packages/xycar_msgs/_xycar_msgs_s.ep.rosidl_typesupport_fastrtps_c.c\n'}
[7.566391] (xycar_msgs) StdoutLine: {'line': b'-- Symlinking: /home/wlwnstn2396/xycar_ws/install/xycar_msgs/local/lib/python3.10/dist-packages/xycar_msgs/_xycar_msgs_s.ep.rosidl_typesupport_introspection_c.c\n'}
[7.575313] (xycar_msgs) StdoutLine: {'line': b'-- Symlinking: /home/wlwnstn2396/xycar_ws/install/xycar_msgs/local/lib/python3.10/dist-packages/xycar_msgs/libxycar_msgs__rosidl_generator_py.so\n'}
[7.583334] (xycar_msgs) StdoutLine: {'line': b'-- Symlinking: /home/wlwnstn2396/xycar_ws/install/xycar_msgs/local/lib/python3.10/dist-packages/xycar_msgs/msg/__init__.py\n'}
[7.591656] (xycar_msgs) StdoutLine: {'line': b'-- Symlinking: /home/wlwnstn2396/xycar_ws/install/xycar_msgs/local/lib/python3.10/dist-packages/xycar_msgs/msg/_xycar_motor.py\n'}
[7.600145] (xycar_msgs) StdoutLine: {'line': b'-- Symlinking: /home/wlwnstn2396/xycar_ws/install/xycar_msgs/local/lib/python3.10/dist-packages/xycar_msgs/msg/_xycar_motor_s.c\n'}
[7.609256] (xycar_msgs) StdoutLine: {'line': b'-- Symlinking: /home/wlwnstn2396/xycar_ws/install/xycar_msgs/local/lib/python3.10/dist-packages/xycar_msgs/msg/_xycar_ultrasonic.py\n'}
[7.618091] (xycar_msgs) StdoutLine: {'line': b'-- Symlinking: /home/wlwnstn2396/xycar_ws/install/xycar_msgs/local/lib/python3.10/dist-packages/xycar_msgs/msg/_xycar_ultrasonic_s.c\n'}
[7.626716] (xycar_msgs) StdoutLine: {'line': b'-- Symlinking: /home/wlwnstn2396/xycar_ws/install/xycar_msgs/local/lib/python3.10/dist-packages/xycar_msgs/xycar_msgs_s__rosidl_typesupport_c.cpython-310-x86_64-linux-gnu.so\n'}
[7.626885] (-) TimerEvent: {}
[7.637213] (xycar_msgs) StdoutLine: {'line': b'-- Symlinking: /home/wlwnstn2396/xycar_ws/install/xycar_msgs/local/lib/python3.10/dist-packages/xycar_msgs/xycar_msgs_s__rosidl_typesupport_fastrtps_c.cpython-310-x86_64-linux-gnu.so\n'}
[7.646833] (xycar_msgs) StdoutLine: {'line': b'-- Symlinking: /home/wlwnstn2396/xycar_ws/install/xycar_msgs/local/lib/python3.10/dist-packages/xycar_msgs/xycar_msgs_s__rosidl_typesupport_introspection_c.cpython-310-x86_64-linux-gnu.so\n'}
[7.655977] (xycar_msgs) StdoutLine: {'line': b'-- Up-to-date symlink: /home/wlwnstn2396/xycar_ws/install/xycar_msgs/local/lib/python3.10/dist-packages/xycar_msgs/xycar_msgs_s__rosidl_typesupport_fastrtps_c.cpython-310-x86_64-linux-gnu.so\n'}
[7.656607] (xycar_msgs) StdoutLine: {'line': b'-- Up-to-date symlink: /home/wlwnstn2396/xycar_ws/install/xycar_msgs/local/lib/python3.10/dist-packages/xycar_msgs/xycar_msgs_s__rosidl_typesupport_introspection_c.cpython-310-x86_64-linux-gnu.so\n'}
[7.657098] (xycar_msgs) StdoutLine: {'line': b'-- Up-to-date symlink: /home/wlwnstn2396/xycar_ws/install/xycar_msgs/local/lib/python3.10/dist-packages/xycar_msgs/xycar_msgs_s__rosidl_typesupport_c.cpython-310-x86_64-linux-gnu.so\n'}
[7.657278] (xycar_msgs) StdoutLine: {'line': b'-- Symlinking: /home/wlwnstn2396/xycar_ws/install/xycar_msgs/share/ament_index/resource_index/rust_packages/xycar_msgs\n'}
[7.668357] (xycar_msgs) StdoutLine: {'line': b'-- Symlinking: /home/wlwnstn2396/xycar_ws/install/xycar_msgs/share/xycar_msgs/rust/Cargo.toml\n'}
[7.677650] (xycar_msgs) StdoutLine: {'line': b'-- Symlinking: /home/wlwnstn2396/xycar_ws/install/xycar_msgs/share/xycar_msgs/rust/build.rs\n'}
[7.688412] (xycar_msgs) StdoutLine: {'line': b'-- Symlinking: /home/wlwnstn2396/xycar_ws/install/xycar_msgs/share/xycar_msgs/rust/src/lib.rs\n'}
[7.699543] (xycar_msgs) StdoutLine: {'line': b'-- Symlinking: /home/wlwnstn2396/xycar_ws/install/xycar_msgs/share/xycar_msgs/rust/src/msg.rs\n'}
[7.707593] (xycar_msgs) StdoutLine: {'line': b'-- Symlinking: /home/wlwnstn2396/xycar_ws/install/xycar_msgs/share/xycar_msgs/rust/src/msg/rmw.rs\n'}
[7.719052] (xycar_msgs) StdoutLine: {'line': b'-- Symlinking: /home/wlwnstn2396/xycar_ws/install/xycar_msgs/share/xycar_msgs/msg/XycarMotor.idl\n'}
[7.727186] (-) TimerEvent: {}
[7.728552] (xycar_msgs) StdoutLine: {'line': b'-- Symlinking: /home/wlwnstn2396/xycar_ws/install/xycar_msgs/share/xycar_msgs/msg/XycarUltrasonic.idl\n'}
[7.737248] (xycar_msgs) StdoutLine: {'line': b'-- Symlinking: /home/wlwnstn2396/xycar_ws/install/xycar_msgs/share/xycar_msgs/msg/XycarMotor.msg\n'}
[7.746758] (xycar_msgs) StdoutLine: {'line': b'-- Symlinking: /home/wlwnstn2396/xycar_ws/install/xycar_msgs/share/xycar_msgs/msg/XycarUltrasonic.msg\n'}
[7.755340] (xycar_msgs) StdoutLine: {'line': b'-- Symlinking: /home/wlwnstn2396/xycar_ws/install/xycar_msgs/share/ament_index/resource_index/package_run_dependencies/xycar_msgs\n'}
[7.764431] (xycar_msgs) StdoutLine: {'line': b'-- Symlinking: /home/wlwnstn2396/xycar_ws/install/xycar_msgs/share/ament_index/resource_index/parent_prefix_path/xycar_msgs\n'}
[7.772950] (xycar_msgs) StdoutLine: {'line': b'-- Symlinking: /home/wlwnstn2396/xycar_ws/install/xycar_msgs/share/xycar_msgs/environment/ament_prefix_path.sh\n'}
[7.785763] (xycar_msgs) StdoutLine: {'line': b'-- Symlinking: /home/wlwnstn2396/xycar_ws/install/xycar_msgs/share/xycar_msgs/environment/ament_prefix_path.dsv\n'}
[7.798140] (xycar_msgs) StdoutLine: {'line': b'-- Symlinking: /home/wlwnstn2396/xycar_ws/install/xycar_msgs/share/xycar_msgs/environment/path.sh\n'}
[7.809765] (xycar_msgs) StdoutLine: {'line': b'-- Symlinking: /home/wlwnstn2396/xycar_ws/install/xycar_msgs/share/xycar_msgs/environment/path.dsv\n'}
[7.821962] (xycar_msgs) StdoutLine: {'line': b'-- Symlinking: /home/wlwnstn2396/xycar_ws/install/xycar_msgs/share/xycar_msgs/local_setup.bash\n'}
[7.827480] (-) TimerEvent: {}
[7.835202] (xycar_msgs) StdoutLine: {'line': b'-- Symlinking: /home/wlwnstn2396/xycar_ws/install/xycar_msgs/share/xycar_msgs/local_setup.sh\n'}
[7.845657] (xycar_msgs) StdoutLine: {'line': b'-- Symlinking: /home/wlwnstn2396/xycar_ws/install/xycar_msgs/share/xycar_msgs/local_setup.zsh\n'}
[7.855365] (xycar_msgs) StdoutLine: {'line': b'-- Symlinking: /home/wlwnstn2396/xycar_ws/install/xycar_msgs/share/xycar_msgs/local_setup.dsv\n'}
[7.867183] (xycar_msgs) StdoutLine: {'line': b'-- Symlinking: /home/wlwnstn2396/xycar_ws/install/xycar_msgs/share/xycar_msgs/package.dsv\n'}
[7.876476] (xycar_msgs) StdoutLine: {'line': b'-- Symlinking: /home/wlwnstn2396/xycar_ws/install/xycar_msgs/share/ament_index/resource_index/packages/xycar_msgs\n'}
[7.884538] (xycar_msgs) StdoutLine: {'line': b'-- Symlinking: /home/wlwnstn2396/xycar_ws/install/xycar_msgs/share/xycar_msgs/cmake/rosidl_cmake-extras.cmake\n'}
[7.892048] (xycar_msgs) StdoutLine: {'line': b'-- Symlinking: /home/wlwnstn2396/xycar_ws/install/xycar_msgs/share/xycar_msgs/cmake/ament_cmake_export_dependencies-extras.cmake\n'}
[7.902435] (xycar_msgs) StdoutLine: {'line': b'-- Symlinking: /home/wlwnstn2396/xycar_ws/install/xycar_msgs/share/xycar_msgs/cmake/ament_cmake_export_include_directories-extras.cmake\n'}
[7.911994] (xycar_msgs) StdoutLine: {'line': b'-- Symlinking: /home/wlwnstn2396/xycar_ws/install/xycar_msgs/share/xycar_msgs/cmake/ament_cmake_export_libraries-extras.cmake\n'}
[7.921887] (xycar_msgs) StdoutLine: {'line': b'-- Symlinking: /home/wlwnstn2396/xycar_ws/install/xycar_msgs/share/xycar_msgs/cmake/ament_cmake_export_targets-extras.cmake\n'}
[7.927738] (-) TimerEvent: {}
[7.932254] (xycar_msgs) StdoutLine: {'line': b'-- Symlinking: /home/wlwnstn2396/xycar_ws/install/xycar_msgs/share/xycar_msgs/cmake/rosidl_cmake_export_typesupport_targets-extras.cmake\n'}
[7.943857] (xycar_msgs) StdoutLine: {'line': b'-- Symlinking: /home/wlwnstn2396/xycar_ws/install/xycar_msgs/share/xycar_msgs/cmake/rosidl_cmake_export_typesupport_libraries-extras.cmake\n'}
[7.958449] (xycar_msgs) StdoutLine: {'line': b'-- Symlinking: /home/wlwnstn2396/xycar_ws/install/xycar_msgs/share/xycar_msgs/cmake/xycar_msgsConfig.cmake\n'}
[7.972212] (xycar_msgs) StdoutLine: {'line': b'-- Symlinking: /home/wlwnstn2396/xycar_ws/install/xycar_msgs/share/xycar_msgs/cmake/xycar_msgsConfig-version.cmake\n'}
[7.987688] (xycar_msgs) StdoutLine: {'line': b'-- Symlinking: /home/wlwnstn2396/xycar_ws/install/xycar_msgs/share/xycar_msgs/package.xml\n'}
[8.008492] (xycar_msgs) StdoutLine: {'line': b'-- Installing: /home/wlwnstn2396/xycar_ws/install/xycar_msgs/lib/libxycar_msgs__rosidl_generator_c.so\n'}
[8.009306] (xycar_msgs) StdoutLine: {'line': b'-- Set runtime path of "/home/wlwnstn2396/xycar_ws/install/xycar_msgs/lib/libxycar_msgs__rosidl_generator_c.so" to ""\n'}
[8.009696] (xycar_msgs) StdoutLine: {'line': b'-- Installing: /home/wlwnstn2396/xycar_ws/install/xycar_msgs/lib/libxycar_msgs__rosidl_typesupport_fastrtps_c.so\n'}
[8.010290] (xycar_msgs) StdoutLine: {'line': b'-- Set runtime path of "/home/wlwnstn2396/xycar_ws/install/xycar_msgs/lib/libxycar_msgs__rosidl_typesupport_fastrtps_c.so" to ""\n'}
[8.010846] (xycar_msgs) StdoutLine: {'line': b'-- Installing: /home/wlwnstn2396/xycar_ws/install/xycar_msgs/lib/libxycar_msgs__rosidl_typesupport_introspection_c.so\n'}
[8.010985] (xycar_msgs) StdoutLine: {'line': b'-- Set runtime path of "/home/wlwnstn2396/xycar_ws/install/xycar_msgs/lib/libxycar_msgs__rosidl_typesupport_introspection_c.so" to ""\n'}
[8.011075] (xycar_msgs) StdoutLine: {'line': b'-- Installing: /home/wlwnstn2396/xycar_ws/install/xycar_msgs/lib/libxycar_msgs__rosidl_typesupport_c.so\n'}
[8.011553] (xycar_msgs) StdoutLine: {'line': b'-- Set runtime path of "/home/wlwnstn2396/xycar_ws/install/xycar_msgs/lib/libxycar_msgs__rosidl_typesupport_c.so" to ""\n'}
[8.011758] (xycar_msgs) StdoutLine: {'line': b'-- Installing: /home/wlwnstn2396/xycar_ws/install/xycar_msgs/lib/libxycar_msgs__rosidl_typesupport_fastrtps_cpp.so\n'}
[8.012313] (xycar_msgs) StdoutLine: {'line': b'-- Set runtime path of "/home/wlwnstn2396/xycar_ws/install/xycar_msgs/lib/libxycar_msgs__rosidl_typesupport_fastrtps_cpp.so" to ""\n'}
[8.012776] (xycar_msgs) StdoutLine: {'line': b'-- Installing: /home/wlwnstn2396/xycar_ws/install/xycar_msgs/lib/libxycar_msgs__rosidl_typesupport_introspection_cpp.so\n'}
[8.013301] (xycar_msgs) StdoutLine: {'line': b'-- Set runtime path of "/home/wlwnstn2396/xycar_ws/install/xycar_msgs/lib/libxycar_msgs__rosidl_typesupport_introspection_cpp.so" to ""\n'}
[8.013483] (xycar_msgs) StdoutLine: {'line': b'-- Installing: /home/wlwnstn2396/xycar_ws/install/xycar_msgs/lib/libxycar_msgs__rosidl_typesupport_cpp.so\n'}
[8.013731] (xycar_msgs) StdoutLine: {'line': b'-- Set runtime path of "/home/wlwnstn2396/xycar_ws/install/xycar_msgs/lib/libxycar_msgs__rosidl_typesupport_cpp.so" to ""\n'}
[8.028177] (-) TimerEvent: {}
[8.087501] (xycar_msgs) StdoutLine: {'line': b"Listing '/home/wlwnstn2396/xycar_ws/install/xycar_msgs/local/lib/python3.10/dist-packages/xycar_msgs'...\n"}
[8.087673] (xycar_msgs) StdoutLine: {'line': b"Compiling '/home/wlwnstn2396/xycar_ws/install/xycar_msgs/local/lib/python3.10/dist-packages/xycar_msgs/__init__.py'...\n"}
[8.087719] (xycar_msgs) StdoutLine: {'line': b"Listing '/home/wlwnstn2396/xycar_ws/install/xycar_msgs/local/lib/python3.10/dist-packages/xycar_msgs/msg'...\n"}
[8.087764] (xycar_msgs) StdoutLine: {'line': b"Compiling '/home/wlwnstn2396/xycar_ws/install/xycar_msgs/local/lib/python3.10/dist-packages/xycar_msgs/msg/__init__.py'...\n"}
[8.087797] (xycar_msgs) StdoutLine: {'line': b"Compiling '/home/wlwnstn2396/xycar_ws/install/xycar_msgs/local/lib/python3.10/dist-packages/xycar_msgs/msg/_xycar_motor.py'...\n"}
[8.087830] (xycar_msgs) StdoutLine: {'line': b"Compiling '/home/wlwnstn2396/xycar_ws/install/xycar_msgs/local/lib/python3.10/dist-packages/xycar_msgs/msg/_xycar_ultrasonic.py'...\n"}
[8.092142] (xycar_msgs) StdoutLine: {'line': b'-- Installing: /home/wlwnstn2396/xycar_ws/install/xycar_msgs/lib/libxycar_msgs__rosidl_generator_py.so\n'}
[8.092464] (xycar_msgs) StdoutLine: {'line': b'-- Set runtime path of "/home/wlwnstn2396/xycar_ws/install/xycar_msgs/lib/libxycar_msgs__rosidl_generator_py.so" to ""\n'}
[8.092539] (xycar_msgs) StdoutLine: {'line': b'-- Installing: /home/wlwnstn2396/xycar_ws/install/xycar_msgs/share/xycar_msgs/cmake/export_xycar_msgs__rosidl_generator_cExport.cmake\n'}
[8.092578] (xycar_msgs) StdoutLine: {'line': b'-- Installing: /home/wlwnstn2396/xycar_ws/install/xycar_msgs/share/xycar_msgs/cmake/export_xycar_msgs__rosidl_generator_cExport-noconfig.cmake\n'}
[8.092827] (xycar_msgs) StdoutLine: {'line': b'-- Installing: /home/wlwnstn2396/xycar_ws/install/xycar_msgs/share/xycar_msgs/cmake/export_xycar_msgs__rosidl_typesupport_fastrtps_cExport.cmake\n'}
[8.092948] (xycar_msgs) StdoutLine: {'line': b'-- Installing: /home/wlwnstn2396/xycar_ws/install/xycar_msgs/share/xycar_msgs/cmake/export_xycar_msgs__rosidl_typesupport_fastrtps_cExport-noconfig.cmake\n'}
[8.093243] (xycar_msgs) StdoutLine: {'line': b'-- Installing: /home/wlwnstn2396/xycar_ws/install/xycar_msgs/share/xycar_msgs/cmake/xycar_msgs__rosidl_typesupport_introspection_cExport.cmake\n'}
[8.093354] (xycar_msgs) StdoutLine: {'line': b'-- Installing: /home/wlwnstn2396/xycar_ws/install/xycar_msgs/share/xycar_msgs/cmake/xycar_msgs__rosidl_typesupport_introspection_cExport-noconfig.cmake\n'}
[8.093632] (xycar_msgs) StdoutLine: {'line': b'-- Installing: /home/wlwnstn2396/xycar_ws/install/xycar_msgs/share/xycar_msgs/cmake/xycar_msgs__rosidl_typesupport_cExport.cmake\n'}
[8.093801] (xycar_msgs) StdoutLine: {'line': b'-- Installing: /home/wlwnstn2396/xycar_ws/install/xycar_msgs/share/xycar_msgs/cmake/xycar_msgs__rosidl_typesupport_cExport-noconfig.cmake\n'}
[8.093855] (xycar_msgs) StdoutLine: {'line': b'-- Installing: /home/wlwnstn2396/xycar_ws/install/xycar_msgs/share/xycar_msgs/cmake/export_xycar_msgs__rosidl_generator_cppExport.cmake\n'}
[8.093925] (xycar_msgs) StdoutLine: {'line': b'-- Installing: /home/wlwnstn2396/xycar_ws/install/xycar_msgs/share/xycar_msgs/cmake/export_xycar_msgs__rosidl_typesupport_fastrtps_cppExport.cmake\n'}
[8.093989] (xycar_msgs) StdoutLine: {'line': b'-- Installing: /home/wlwnstn2396/xycar_ws/install/xycar_msgs/share/xycar_msgs/cmake/export_xycar_msgs__rosidl_typesupport_fastrtps_cppExport-noconfig.cmake\n'}
[8.094087] (xycar_msgs) StdoutLine: {'line': b'-- Installing: /home/wlwnstn2396/xycar_ws/install/xycar_msgs/share/xycar_msgs/cmake/xycar_msgs__rosidl_typesupport_introspection_cppExport.cmake\n'}
[8.094263] (xycar_msgs) StdoutLine: {'line': b'-- Installing: /home/wlwnstn2396/xycar_ws/install/xycar_msgs/share/xycar_msgs/cmake/xycar_msgs__rosidl_typesupport_introspection_cppExport-noconfig.cmake\n'}
[8.094317] (xycar_msgs) StdoutLine: {'line': b'-- Installing: /home/wlwnstn2396/xycar_ws/install/xycar_msgs/share/xycar_msgs/cmake/xycar_msgs__rosidl_typesupport_cppExport.cmake\n'}
[8.094352] (xycar_msgs) StdoutLine: {'line': b'-- Installing: /home/wlwnstn2396/xycar_ws/install/xycar_msgs/share/xycar_msgs/cmake/xycar_msgs__rosidl_typesupport_cppExport-noconfig.cmake\n'}
[8.094387] (xycar_msgs) StdoutLine: {'line': b'-- Installing: /home/wlwnstn2396/xycar_ws/install/xycar_msgs/share/xycar_msgs/cmake/export_xycar_msgs__rosidl_generator_pyExport.cmake\n'}
[8.094421] (xycar_msgs) StdoutLine: {'line': b'-- Installing: /home/wlwnstn2396/xycar_ws/install/xycar_msgs/share/xycar_msgs/cmake/export_xycar_msgs__rosidl_generator_pyExport-noconfig.cmake\n'}
[8.096702] (xycar_msgs) CommandEnded: {'returncode': 0}
[8.123686] (xycar_msgs) JobEnded: {'identifier': 'xycar_msgs', 'rc': 0}
[8.125155] (kookmin9_viewer) JobStarted: {'identifier': 'kookmin9_viewer'}
[8.128485] (-) TimerEvent: {}
[8.134693] (my_cam) JobStarted: {'identifier': 'my_cam'}
[8.146635] (my_lidar) JobStarted: {'identifier': 'my_lidar'}
[8.228618] (-) TimerEvent: {}
[8.329446] (-) TimerEvent: {}
[8.429953] (-) TimerEvent: {}
[8.530306] (-) TimerEvent: {}
[8.630861] (-) TimerEvent: {}
[8.731257] (-) TimerEvent: {}
[8.831692] (-) TimerEvent: {}
[8.932230] (-) TimerEvent: {}
[9.033256] (-) TimerEvent: {}
[9.133741] (-) TimerEvent: {}
[9.232820] (my_cam) Command: {'cmd': ['/usr/bin/python3', '-W', 'ignore:setup.py install is deprecated', '-W', 'ignore:easy_install command is deprecated', 'setup.py', 'develop', '--editable', '--build-directory', '/home/wlwnstn2396/xycar_ws/build/my_cam/build', '--no-deps', 'symlink_data'], 'cwd': '/home/wlwnstn2396/xycar_ws/build/my_cam', 'env': {'LESSOPEN': '| /usr/bin/lesspipe %s', 'USER': 'wlwnstn2396', 'SHLVL': '1', 'LD_LIBRARY_PATH': '/home/wlwnstn2396/xycar_ws/install/xycar_msgs/lib:/opt/ros/humble/opt/rviz_ogre_vendor/lib:/opt/ros/humble/lib/x86_64-linux-gnu:/opt/ros/humble/lib', 'HOME': '/home/wlwnstn2396', 'OLDPWD': '/home/wlwnstn2396/xycar_ws/src', 'ROS_PYTHON_VERSION': '3', 'DBUS_SESSION_BUS_ADDRESS': 'unix:path=/run/user/1000/bus', 'WSL_DISTRO_NAME': 'Ubuntu-22.04', 'WAYLAND_DISPLAY': 'wayland-0', 'COLCON_PREFIX_PATH': '/home/wlwnstn2396/xycar_ws/install', 'ROS_DISTRO': 'humble', 'LOGNAME': 'wlwnstn2396', 'NAME': 'DESKTOP-VA2ETC0', 'WSL_INTEROP': '/run/WSL/94285_interop', 'PULSE_SERVER': 'unix:/mnt/wslg/PulseServer', '_': '/usr/bin/colcon', 'ROS_VERSION': '2', 'TERM': 'xterm-256color', 'ROS_LOCALHOST_ONLY': '0', 'PATH': '/home/wlwnstn2396/.local/bin:/opt/ros/humble/bin:/usr/local/sbin:/usr/local/bin:/usr/sbin:/usr/bin:/sbin:/bin:/usr/games:/usr/local/games:/usr/lib/wsl/lib:/mnt/c/Program Files/WindowsApps/MicrosoftCorporationII.WindowsSubsystemForLinux_2.7.3.0_x64__8wekyb3d8bbwe:/mnt/c/Program Files/Eclipse Adoptium/jdk-21.0.10.7-hotspot/bin:/mnt/c/WINDOWS/system32:/mnt/c/WINDOWS:/mnt/c/WINDOWS/System32/Wbem:/mnt/c/WINDOWS/System32/WindowsPowerShell/v1.0/:/mnt/c/WINDOWS/System32/OpenSSH/:/mnt/c/Program Files/Git/cmd:/mnt/c/Users/JI/miniconda3:/mnt/c/Users/JI/miniconda3/Library/mingw-w64/bin:/mnt/c/Users/JI/miniconda3/Library/usr/bin:/mnt/c/Users/JI/miniconda3/Library/bin:/mnt/c/Users/JI/miniconda3/Scripts:/mnt/c/Users/JI/AppData/Local/Microsoft/WindowsApps:/mnt/c/msys64/ucrt64/bin:/mnt/c/Users/JI/AppData/Local/Programs/Microsoft VS Code/bin:/mnt/c/Users/JI/AppData/Local/Python/bin:/snap/bin:/home/wlwnstn2396/.local/bin', 'XDG_RUNTIME_DIR': '/run/user/1000', 'DISPLAY': ':0', 'LANG': 'C.UTF-8', 'LS_COLORS': 'rs=0:di=01;34:ln=01;36:mh=00:pi=40;33:so=01;35:do=01;35:bd=40;33;01:cd=40;33;01:or=40;31;01:mi=00:su=37;41:sg=30;43:ca=30;41:tw=30;42:ow=34;42:st=37;44:ex=01;32:*.tar=01;31:*.tgz=01;31:*.arc=01;31:*.arj=01;31:*.taz=01;31:*.lha=01;31:*.lz4=01;31:*.lzh=01;31:*.lzma=01;31:*.tlz=01;31:*.txz=01;31:*.tzo=01;31:*.t7z=01;31:*.zip=01;31:*.z=01;31:*.dz=01;31:*.gz=01;31:*.lrz=01;31:*.lz=01;31:*.lzo=01;31:*.xz=01;31:*.zst=01;31:*.tzst=01;31:*.bz2=01;31:*.bz=01;31:*.tbz=01;31:*.tbz2=01;31:*.tz=01;31:*.deb=01;31:*.rpm=01;31:*.jar=01;31:*.war=01;31:*.ear=01;31:*.sar=01;31:*.rar=01;31:*.alz=01;31:*.ace=01;31:*.zoo=01;31:*.cpio=01;31:*.7z=01;31:*.rz=01;31:*.cab=01;31:*.wim=01;31:*.swm=01;31:*.dwm=01;31:*.esd=01;31:*.jpg=01;35:*.jpeg=01;35:*.mjpg=01;35:*.mjpeg=01;35:*.gif=01;35:*.bmp=01;35:*.pbm=01;35:*.pgm=01;35:*.ppm=01;35:*.tga=01;35:*.xbm=01;35:*.xpm=01;35:*.tif=01;35:*.tiff=01;35:*.png=01;35:*.svg=01;35:*.svgz=01;35:*.mng=01;35:*.pcx=01;35:*.mov=01;35:*.mpg=01;35:*.mpeg=01;35:*.m2v=01;35:*.mkv=01;35:*.webm=01;35:*.webp=01;35:*.ogm=01;35:*.mp4=01;35:*.m4v=01;35:*.mp4v=01;35:*.vob=01;35:*.qt=01;35:*.nuv=01;35:*.wmv=01;35:*.asf=01;35:*.rm=01;35:*.rmvb=01;35:*.flc=01;35:*.avi=01;35:*.fli=01;35:*.flv=01;35:*.gl=01;35:*.dl=01;35:*.xcf=01;35:*.xwd=01;35:*.yuv=01;35:*.cgm=01;35:*.emf=01;35:*.ogv=01;35:*.ogx=01;35:*.aac=00;36:*.au=00;36:*.flac=00;36:*.m4a=00;36:*.mid=00;36:*.midi=00;36:*.mka=00;36:*.mp3=00;36:*.mpc=00;36:*.ogg=00;36:*.ra=00;36:*.wav=00;36:*.oga=00;36:*.opus=00;36:*.spx=00;36:*.xspf=00;36:', 'AMENT_PREFIX_PATH': '/home/wlwnstn2396/xycar_ws/install/xycar_msgs:/opt/ros/humble', 'SHELL': '/bin/bash', 'LESSCLOSE': '/usr/bin/lesspipe %s %s', 'PWD': '/home/wlwnstn2396/xycar_ws/build/my_cam', 'XDG_DATA_DIRS': '/usr/local/share:/usr/share:/var/lib/snapd/desktop', 'PYTHONPATH': '/home/wlwnstn2396/xycar_ws/build/my_cam/prefix_override:/usr/lib/python3/dist-packages/colcon_core/task/python/colcon_distutils_commands:/home/wlwnstn2396/xycar_ws/install/my_cam/lib/python3.10/site-packages:/home/wlwnstn2396/xycar_ws/install/xycar_msgs/local/lib/python3.10/dist-packages:/opt/ros/humble/lib/python3.10/site-packages:/opt/ros/humble/local/lib/python3.10/dist-packages', 'COLCON': '1', 'WSL2_GUI_APPS_ENABLED': '1', 'HOSTTYPE': 'x86_64', 'WSLENV': '', 'CMAKE_PREFIX_PATH': '/home/wlwnstn2396/xycar_ws/install/xycar_msgs'}, 'shell': False}
[9.233744] (-) TimerEvent: {}
[9.242487] (kookmin9_viewer) Command: {'cmd': ['/usr/bin/python3', '-W', 'ignore:setup.py install is deprecated', '-W', 'ignore:easy_install command is deprecated', 'setup.py', 'develop', '--editable', '--build-directory', '/home/wlwnstn2396/xycar_ws/build/kookmin9_viewer/build', '--no-deps', 'symlink_data'], 'cwd': '/home/wlwnstn2396/xycar_ws/build/kookmin9_viewer', 'env': {'LESSOPEN': '| /usr/bin/lesspipe %s', 'USER': 'wlwnstn2396', 'SHLVL': '1', 'LD_LIBRARY_PATH': '/home/wlwnstn2396/xycar_ws/install/xycar_msgs/lib:/opt/ros/humble/opt/rviz_ogre_vendor/lib:/opt/ros/humble/lib/x86_64-linux-gnu:/opt/ros/humble/lib', 'HOME': '/home/wlwnstn2396', 'OLDPWD': '/home/wlwnstn2396/xycar_ws/src', 'ROS_PYTHON_VERSION': '3', 'DBUS_SESSION_BUS_ADDRESS': 'unix:path=/run/user/1000/bus', 'WSL_DISTRO_NAME': 'Ubuntu-22.04', 'WAYLAND_DISPLAY': 'wayland-0', 'COLCON_PREFIX_PATH': '/home/wlwnstn2396/xycar_ws/install', 'ROS_DISTRO': 'humble', 'LOGNAME': 'wlwnstn2396', 'NAME': 'DESKTOP-VA2ETC0', 'WSL_INTEROP': '/run/WSL/94285_interop', 'PULSE_SERVER': 'unix:/mnt/wslg/PulseServer', '_': '/usr/bin/colcon', 'ROS_VERSION': '2', 'TERM': 'xterm-256color', 'ROS_LOCALHOST_ONLY': '0', 'PATH': '/home/wlwnstn2396/.local/bin:/opt/ros/humble/bin:/usr/local/sbin:/usr/local/bin:/usr/sbin:/usr/bin:/sbin:/bin:/usr/games:/usr/local/games:/usr/lib/wsl/lib:/mnt/c/Program Files/WindowsApps/MicrosoftCorporationII.WindowsSubsystemForLinux_2.7.3.0_x64__8wekyb3d8bbwe:/mnt/c/Program Files/Eclipse Adoptium/jdk-21.0.10.7-hotspot/bin:/mnt/c/WINDOWS/system32:/mnt/c/WINDOWS:/mnt/c/WINDOWS/System32/Wbem:/mnt/c/WINDOWS/System32/WindowsPowerShell/v1.0/:/mnt/c/WINDOWS/System32/OpenSSH/:/mnt/c/Program Files/Git/cmd:/mnt/c/Users/JI/miniconda3:/mnt/c/Users/JI/miniconda3/Library/mingw-w64/bin:/mnt/c/Users/JI/miniconda3/Library/usr/bin:/mnt/c/Users/JI/miniconda3/Library/bin:/mnt/c/Users/JI/miniconda3/Scripts:/mnt/c/Users/JI/AppData/Local/Microsoft/WindowsApps:/mnt/c/msys64/ucrt64/bin:/mnt/c/Users/JI/AppData/Local/Programs/Microsoft VS Code/bin:/mnt/c/Users/JI/AppData/Local/Python/bin:/snap/bin:/home/wlwnstn2396/.local/bin', 'XDG_RUNTIME_DIR': '/run/user/1000', 'DISPLAY': ':0', 'LANG': 'C.UTF-8', 'LS_COLORS': 'rs=0:di=01;34:ln=01;36:mh=00:pi=40;33:so=01;35:do=01;35:bd=40;33;01:cd=40;33;01:or=40;31;01:mi=00:su=37;41:sg=30;43:ca=30;41:tw=30;42:ow=34;42:st=37;44:ex=01;32:*.tar=01;31:*.tgz=01;31:*.arc=01;31:*.arj=01;31:*.taz=01;31:*.lha=01;31:*.lz4=01;31:*.lzh=01;31:*.lzma=01;31:*.tlz=01;31:*.txz=01;31:*.tzo=01;31:*.t7z=01;31:*.zip=01;31:*.z=01;31:*.dz=01;31:*.gz=01;31:*.lrz=01;31:*.lz=01;31:*.lzo=01;31:*.xz=01;31:*.zst=01;31:*.tzst=01;31:*.bz2=01;31:*.bz=01;31:*.tbz=01;31:*.tbz2=01;31:*.tz=01;31:*.deb=01;31:*.rpm=01;31:*.jar=01;31:*.war=01;31:*.ear=01;31:*.sar=01;31:*.rar=01;31:*.alz=01;31:*.ace=01;31:*.zoo=01;31:*.cpio=01;31:*.7z=01;31:*.rz=01;31:*.cab=01;31:*.wim=01;31:*.swm=01;31:*.dwm=01;31:*.esd=01;31:*.jpg=01;35:*.jpeg=01;35:*.mjpg=01;35:*.mjpeg=01;35:*.gif=01;35:*.bmp=01;35:*.pbm=01;35:*.pgm=01;35:*.ppm=01;35:*.tga=01;35:*.xbm=01;35:*.xpm=01;35:*.tif=01;35:*.tiff=01;35:*.png=01;35:*.svg=01;35:*.svgz=01;35:*.mng=01;35:*.pcx=01;35:*.mov=01;35:*.mpg=01;35:*.mpeg=01;35:*.m2v=01;35:*.mkv=01;35:*.webm=01;35:*.webp=01;35:*.ogm=01;35:*.mp4=01;35:*.m4v=01;35:*.mp4v=01;35:*.vob=01;35:*.qt=01;35:*.nuv=01;35:*.wmv=01;35:*.asf=01;35:*.rm=01;35:*.rmvb=01;35:*.flc=01;35:*.avi=01;35:*.fli=01;35:*.flv=01;35:*.gl=01;35:*.dl=01;35:*.xcf=01;35:*.xwd=01;35:*.yuv=01;35:*.cgm=01;35:*.emf=01;35:*.ogv=01;35:*.ogx=01;35:*.aac=00;36:*.au=00;36:*.flac=00;36:*.m4a=00;36:*.mid=00;36:*.midi=00;36:*.mka=00;36:*.mp3=00;36:*.mpc=00;36:*.ogg=00;36:*.ra=00;36:*.wav=00;36:*.oga=00;36:*.opus=00;36:*.spx=00;36:*.xspf=00;36:', 'AMENT_PREFIX_PATH': '/home/wlwnstn2396/xycar_ws/install/xycar_msgs:/opt/ros/humble', 'SHELL': '/bin/bash', 'LESSCLOSE': '/usr/bin/lesspipe %s %s', 'PWD': '/home/wlwnstn2396/xycar_ws/build/kookmin9_viewer', 'XDG_DATA_DIRS': '/usr/local/share:/usr/share:/var/lib/snapd/desktop', 'PYTHONPATH': '/home/wlwnstn2396/xycar_ws/build/kookmin9_viewer/prefix_override:/usr/lib/python3/dist-packages/colcon_core/task/python/colcon_distutils_commands:/home/wlwnstn2396/xycar_ws/install/kookmin9_viewer/lib/python3.10/site-packages:/home/wlwnstn2396/xycar_ws/install/xycar_msgs/local/lib/python3.10/dist-packages:/opt/ros/humble/lib/python3.10/site-packages:/opt/ros/humble/local/lib/python3.10/dist-packages', 'COLCON': '1', 'WSL2_GUI_APPS_ENABLED': '1', 'HOSTTYPE': 'x86_64', 'WSLENV': '', 'CMAKE_PREFIX_PATH': '/home/wlwnstn2396/xycar_ws/install/xycar_msgs'}, 'shell': False}
[9.334008] (-) TimerEvent: {}
[9.349452] (my_lidar) Command: {'cmd': ['/usr/bin/python3', '-W', 'ignore:setup.py install is deprecated', '-W', 'ignore:easy_install command is deprecated', 'setup.py', 'develop', '--editable', '--build-directory', '/home/wlwnstn2396/xycar_ws/build/my_lidar/build', '--no-deps', 'symlink_data'], 'cwd': '/home/wlwnstn2396/xycar_ws/build/my_lidar', 'env': {'LESSOPEN': '| /usr/bin/lesspipe %s', 'USER': 'wlwnstn2396', 'SHLVL': '1', 'LD_LIBRARY_PATH': '/home/wlwnstn2396/xycar_ws/install/xycar_msgs/lib:/opt/ros/humble/opt/rviz_ogre_vendor/lib:/opt/ros/humble/lib/x86_64-linux-gnu:/opt/ros/humble/lib', 'HOME': '/home/wlwnstn2396', 'OLDPWD': '/home/wlwnstn2396/xycar_ws/src', 'ROS_PYTHON_VERSION': '3', 'DBUS_SESSION_BUS_ADDRESS': 'unix:path=/run/user/1000/bus', 'WSL_DISTRO_NAME': 'Ubuntu-22.04', 'WAYLAND_DISPLAY': 'wayland-0', 'COLCON_PREFIX_PATH': '/home/wlwnstn2396/xycar_ws/install', 'ROS_DISTRO': 'humble', 'LOGNAME': 'wlwnstn2396', 'NAME': 'DESKTOP-VA2ETC0', 'WSL_INTEROP': '/run/WSL/94285_interop', 'PULSE_SERVER': 'unix:/mnt/wslg/PulseServer', '_': '/usr/bin/colcon', 'ROS_VERSION': '2', 'TERM': 'xterm-256color', 'ROS_LOCALHOST_ONLY': '0', 'PATH': '/home/wlwnstn2396/.local/bin:/opt/ros/humble/bin:/usr/local/sbin:/usr/local/bin:/usr/sbin:/usr/bin:/sbin:/bin:/usr/games:/usr/local/games:/usr/lib/wsl/lib:/mnt/c/Program Files/WindowsApps/MicrosoftCorporationII.WindowsSubsystemForLinux_2.7.3.0_x64__8wekyb3d8bbwe:/mnt/c/Program Files/Eclipse Adoptium/jdk-21.0.10.7-hotspot/bin:/mnt/c/WINDOWS/system32:/mnt/c/WINDOWS:/mnt/c/WINDOWS/System32/Wbem:/mnt/c/WINDOWS/System32/WindowsPowerShell/v1.0/:/mnt/c/WINDOWS/System32/OpenSSH/:/mnt/c/Program Files/Git/cmd:/mnt/c/Users/JI/miniconda3:/mnt/c/Users/JI/miniconda3/Library/mingw-w64/bin:/mnt/c/Users/JI/miniconda3/Library/usr/bin:/mnt/c/Users/JI/miniconda3/Library/bin:/mnt/c/Users/JI/miniconda3/Scripts:/mnt/c/Users/JI/AppData/Local/Microsoft/WindowsApps:/mnt/c/msys64/ucrt64/bin:/mnt/c/Users/JI/AppData/Local/Programs/Microsoft VS Code/bin:/mnt/c/Users/JI/AppData/Local/Python/bin:/snap/bin:/home/wlwnstn2396/.local/bin', 'XDG_RUNTIME_DIR': '/run/user/1000', 'DISPLAY': ':0', 'LANG': 'C.UTF-8', 'LS_COLORS': 'rs=0:di=01;34:ln=01;36:mh=00:pi=40;33:so=01;35:do=01;35:bd=40;33;01:cd=40;33;01:or=40;31;01:mi=00:su=37;41:sg=30;43:ca=30;41:tw=30;42:ow=34;42:st=37;44:ex=01;32:*.tar=01;31:*.tgz=01;31:*.arc=01;31:*.arj=01;31:*.taz=01;31:*.lha=01;31:*.lz4=01;31:*.lzh=01;31:*.lzma=01;31:*.tlz=01;31:*.txz=01;31:*.tzo=01;31:*.t7z=01;31:*.zip=01;31:*.z=01;31:*.dz=01;31:*.gz=01;31:*.lrz=01;31:*.lz=01;31:*.lzo=01;31:*.xz=01;31:*.zst=01;31:*.tzst=01;31:*.bz2=01;31:*.bz=01;31:*.tbz=01;31:*.tbz2=01;31:*.tz=01;31:*.deb=01;31:*.rpm=01;31:*.jar=01;31:*.war=01;31:*.ear=01;31:*.sar=01;31:*.rar=01;31:*.alz=01;31:*.ace=01;31:*.zoo=01;31:*.cpio=01;31:*.7z=01;31:*.rz=01;31:*.cab=01;31:*.wim=01;31:*.swm=01;31:*.dwm=01;31:*.esd=01;31:*.jpg=01;35:*.jpeg=01;35:*.mjpg=01;35:*.mjpeg=01;35:*.gif=01;35:*.bmp=01;35:*.pbm=01;35:*.pgm=01;35:*.ppm=01;35:*.tga=01;35:*.xbm=01;35:*.xpm=01;35:*.tif=01;35:*.tiff=01;35:*.png=01;35:*.svg=01;35:*.svgz=01;35:*.mng=01;35:*.pcx=01;35:*.mov=01;35:*.mpg=01;35:*.mpeg=01;35:*.m2v=01;35:*.mkv=01;35:*.webm=01;35:*.webp=01;35:*.ogm=01;35:*.mp4=01;35:*.m4v=01;35:*.mp4v=01;35:*.vob=01;35:*.qt=01;35:*.nuv=01;35:*.wmv=01;35:*.asf=01;35:*.rm=01;35:*.rmvb=01;35:*.flc=01;35:*.avi=01;35:*.fli=01;35:*.flv=01;35:*.gl=01;35:*.dl=01;35:*.xcf=01;35:*.xwd=01;35:*.yuv=01;35:*.cgm=01;35:*.emf=01;35:*.ogv=01;35:*.ogx=01;35:*.aac=00;36:*.au=00;36:*.flac=00;36:*.m4a=00;36:*.mid=00;36:*.midi=00;36:*.mka=00;36:*.mp3=00;36:*.mpc=00;36:*.ogg=00;36:*.ra=00;36:*.wav=00;36:*.oga=00;36:*.opus=00;36:*.spx=00;36:*.xspf=00;36:', 'AMENT_PREFIX_PATH': '/home/wlwnstn2396/xycar_ws/install/xycar_msgs:/opt/ros/humble', 'SHELL': '/bin/bash', 'LESSCLOSE': '/usr/bin/lesspipe %s %s', 'PWD': '/home/wlwnstn2396/xycar_ws/build/my_lidar', 'XDG_DATA_DIRS': '/usr/local/share:/usr/share:/var/lib/snapd/desktop', 'PYTHONPATH': '/home/wlwnstn2396/xycar_ws/build/my_lidar/prefix_override:/usr/lib/python3/dist-packages/colcon_core/task/python/colcon_distutils_commands:/home/wlwnstn2396/xycar_ws/install/my_lidar/lib/python3.10/site-packages:/home/wlwnstn2396/xycar_ws/install/xycar_msgs/local/lib/python3.10/dist-packages:/opt/ros/humble/lib/python3.10/site-packages:/opt/ros/humble/local/lib/python3.10/dist-packages', 'COLCON': '1', 'WSL2_GUI_APPS_ENABLED': '1', 'HOSTTYPE': 'x86_64', 'WSLENV': '', 'CMAKE_PREFIX_PATH': '/home/wlwnstn2396/xycar_ws/install/xycar_msgs'}, 'shell': False}
[9.434333] (-) TimerEvent: {}
[9.442744] (my_cam) StdoutLine: {'line': b'running develop\n'}
[9.448921] (kookmin9_viewer) StdoutLine: {'line': b'running develop\n'}
[9.534480] (-) TimerEvent: {}
[9.556129] (my_lidar) StdoutLine: {'line': b'running develop\n'}
[9.558290] (my_cam) StdoutLine: {'line': b'running egg_info\n'}
[9.558620] (my_cam) StdoutLine: {'line': b'creating my_cam.egg-info\n'}
[9.558720] (my_cam) StdoutLine: {'line': b'writing my_cam.egg-info/PKG-INFO\n'}
[9.559206] (my_cam) StdoutLine: {'line': b'writing dependency_links to my_cam.egg-info/dependency_links.txt\n'}
[9.559547] (my_cam) StdoutLine: {'line': b'writing entry points to my_cam.egg-info/entry_points.txt\n'}
[9.559806] (my_cam) StdoutLine: {'line': b'writing requirements to my_cam.egg-info/requires.txt\n'}
[9.559912] (my_cam) StdoutLine: {'line': b'writing top-level names to my_cam.egg-info/top_level.txt\n'}
[9.560137] (my_cam) StdoutLine: {'line': b"writing manifest file 'my_cam.egg-info/SOURCES.txt'\n"}
[9.561826] (my_cam) StdoutLine: {'line': b"reading manifest file 'my_cam.egg-info/SOURCES.txt'\n"}
[9.564800] (my_cam) StdoutLine: {'line': b"writing manifest file 'my_cam.egg-info/SOURCES.txt'\n"}
[9.564955] (my_cam) StdoutLine: {'line': b'running build_ext\n'}
[9.565153] (my_cam) StdoutLine: {'line': b'Creating /home/wlwnstn2396/xycar_ws/install/my_cam/lib/python3.10/site-packages/my-cam.egg-link (link to .)\n'}
[9.565242] (my_cam) StdoutLine: {'line': b'Installing cam_viewer script to /home/wlwnstn2396/xycar_ws/install/my_cam/lib/my_cam\n'}
[9.565280] (my_cam) StdoutLine: {'line': b'\n'}
[9.565450] (my_cam) StdoutLine: {'line': b'Installed /home/wlwnstn2396/xycar_ws/build/my_cam\n'}
[9.565509] (my_cam) StdoutLine: {'line': b'running symlink_data\n'}
[9.565612] (my_cam) StdoutLine: {'line': b'creating /home/wlwnstn2396/xycar_ws/install/my_cam/share/ament_index\n'}
[9.566682] (my_cam) StdoutLine: {'line': b'creating /home/wlwnstn2396/xycar_ws/install/my_cam/share/ament_index/resource_index\n'}
[9.566870] (my_cam) StdoutLine: {'line': b'creating /home/wlwnstn2396/xycar_ws/install/my_cam/share/ament_index/resource_index/packages\n'}
[9.566982] (my_cam) StdoutLine: {'line': b'symbolically linking /home/wlwnstn2396/xycar_ws/build/my_cam/resource/my_cam -> /home/wlwnstn2396/xycar_ws/install/my_cam/share/ament_index/resource_index/packages\n'}
[9.567074] (my_cam) StdoutLine: {'line': b'symbolically linking /home/wlwnstn2396/xycar_ws/build/my_cam/package.xml -> /home/wlwnstn2396/xycar_ws/install/my_cam/share/my_cam\n'}
[9.567390] (kookmin9_viewer) StdoutLine: {'line': b'running egg_info\n'}
[9.567494] (kookmin9_viewer) StdoutLine: {'line': b'creating kookmin9_viewer.egg-info\n'}
[9.567914] (kookmin9_viewer) StdoutLine: {'line': b'writing kookmin9_viewer.egg-info/PKG-INFO\n'}
[9.567978] (kookmin9_viewer) StdoutLine: {'line': b'writing dependency_links to kookmin9_viewer.egg-info/dependency_links.txt\n'}
[9.568111] (kookmin9_viewer) StdoutLine: {'line': b'writing entry points to kookmin9_viewer.egg-info/entry_points.txt\n'}
[9.568168] (kookmin9_viewer) StdoutLine: {'line': b'writing requirements to kookmin9_viewer.egg-info/requires.txt\n'}
[9.568204] (kookmin9_viewer) StdoutLine: {'line': b'writing top-level names to kookmin9_viewer.egg-info/top_level.txt\n'}
[9.568302] (kookmin9_viewer) StdoutLine: {'line': b"writing manifest file 'kookmin9_viewer.egg-info/SOURCES.txt'\n"}
[9.569688] (kookmin9_viewer) StdoutLine: {'line': b"reading manifest file 'kookmin9_viewer.egg-info/SOURCES.txt'\n"}
[9.570147] (kookmin9_viewer) StdoutLine: {'line': b"writing manifest file 'kookmin9_viewer.egg-info/SOURCES.txt'\n"}
[9.571583] (kookmin9_viewer) StdoutLine: {'line': b'running build_ext\n'}
[9.571916] (kookmin9_viewer) StdoutLine: {'line': b'Creating /home/wlwnstn2396/xycar_ws/install/kookmin9_viewer/lib/python3.10/site-packages/kookmin9-viewer.egg-link (link to .)\n'}
[9.572341] (kookmin9_viewer) StdoutLine: {'line': b'Installing test_viewer script to /home/wlwnstn2396/xycar_ws/install/kookmin9_viewer/lib/kookmin9_viewer\n'}
[9.572814] (kookmin9_viewer) StdoutLine: {'line': b'\n'}
[9.572878] (kookmin9_viewer) StdoutLine: {'line': b'Installed /home/wlwnstn2396/xycar_ws/build/kookmin9_viewer\n'}
[9.572917] (kookmin9_viewer) StdoutLine: {'line': b'running symlink_data\n'}
[9.573038] (kookmin9_viewer) StdoutLine: {'line': b'creating /home/wlwnstn2396/xycar_ws/install/kookmin9_viewer/share/ament_index\n'}
[9.573154] (kookmin9_viewer) StdoutLine: {'line': b'creating /home/wlwnstn2396/xycar_ws/install/kookmin9_viewer/share/ament_index/resource_index\n'}
[9.573307] (kookmin9_viewer) StdoutLine: {'line': b'creating /home/wlwnstn2396/xycar_ws/install/kookmin9_viewer/share/ament_index/resource_index/packages\n'}
[9.573534] (kookmin9_viewer) StdoutLine: {'line': b'symbolically linking /home/wlwnstn2396/xycar_ws/build/kookmin9_viewer/resource/kookmin9_viewer -> /home/wlwnstn2396/xycar_ws/install/kookmin9_viewer/share/ament_index/resource_index/packages\n'}
[9.573824] (kookmin9_viewer) StdoutLine: {'line': b'symbolically linking /home/wlwnstn2396/xycar_ws/build/kookmin9_viewer/package.xml -> /home/wlwnstn2396/xycar_ws/install/kookmin9_viewer/share/kookmin9_viewer\n'}
[9.597347] (my_cam) CommandEnded: {'returncode': 0}
[9.605033] (my_cam) JobEnded: {'identifier': 'my_cam', 'rc': 0}
[9.606879] (kookmin9_viewer) CommandEnded: {'returncode': 0}
[9.613445] (kookmin9_viewer) JobEnded: {'identifier': 'kookmin9_viewer', 'rc': 0}
[9.634767] (-) TimerEvent: {}
[9.682374] (my_lidar) StdoutLine: {'line': b'running egg_info\n'}
[9.682870] (my_lidar) StdoutLine: {'line': b'creating my_lidar.egg-info\n'}
[9.683502] (my_lidar) StdoutLine: {'line': b'writing my_lidar.egg-info/PKG-INFO\n'}
[9.683767] (my_lidar) StdoutLine: {'line': b'writing dependency_links to my_lidar.egg-info/dependency_links.txt\n'}
[9.683989] (my_lidar) StdoutLine: {'line': b'writing entry points to my_lidar.egg-info/entry_points.txt\n'}
[9.684206] (my_lidar) StdoutLine: {'line': b'writing requirements to my_lidar.egg-info/requires.txt\n'}
[9.684298] (my_lidar) StdoutLine: {'line': b'writing top-level names to my_lidar.egg-info/top_level.txt\n'}
[9.684521] (my_lidar) StdoutLine: {'line': b"writing manifest file 'my_lidar.egg-info/SOURCES.txt'\n"}
[9.686873] (my_lidar) StdoutLine: {'line': b"reading manifest file 'my_lidar.egg-info/SOURCES.txt'\n"}
[9.687440] (my_lidar) StdoutLine: {'line': b"writing manifest file 'my_lidar.egg-info/SOURCES.txt'\n"}
[9.689137] (my_lidar) StdoutLine: {'line': b'running build_ext\n'}
[9.689430] (my_lidar) StdoutLine: {'line': b'Creating /home/wlwnstn2396/xycar_ws/install/my_lidar/lib/python3.10/site-packages/my-lidar.egg-link (link to .)\n'}
[9.690663] (my_lidar) StdoutLine: {'line': b'Installing lidar_scan script to /home/wlwnstn2396/xycar_ws/install/my_lidar/lib/my_lidar\n'}
[9.691359] (my_lidar) StdoutLine: {'line': b'Installing lidar_viewer script to /home/wlwnstn2396/xycar_ws/install/my_lidar/lib/my_lidar\n'}
[9.691764] (my_lidar) StdoutLine: {'line': b'\n'}
[9.692088] (my_lidar) StdoutLine: {'line': b'Installed /home/wlwnstn2396/xycar_ws/build/my_lidar\n'}
[9.692261] (my_lidar) StdoutLine: {'line': b'running symlink_data\n'}
[9.692377] (my_lidar) StdoutLine: {'line': b'creating /home/wlwnstn2396/xycar_ws/install/my_lidar/share/ament_index\n'}
[9.692528] (my_lidar) StdoutLine: {'line': b'creating /home/wlwnstn2396/xycar_ws/install/my_lidar/share/ament_index/resource_index\n'}
[9.692845] (my_lidar) StdoutLine: {'line': b'creating /home/wlwnstn2396/xycar_ws/install/my_lidar/share/ament_index/resource_index/packages\n'}
[9.692997] (my_lidar) StdoutLine: {'line': b'symbolically linking /home/wlwnstn2396/xycar_ws/build/my_lidar/resource/my_lidar -> /home/wlwnstn2396/xycar_ws/install/my_lidar/share/ament_index/resource_index/packages\n'}
[9.693072] (my_lidar) StdoutLine: {'line': b'symbolically linking /home/wlwnstn2396/xycar_ws/build/my_lidar/package.xml -> /home/wlwnstn2396/xycar_ws/install/my_lidar/share/my_lidar\n'}
[9.731698] (my_lidar) CommandEnded: {'returncode': 0}
[9.735117] (-) TimerEvent: {}
[9.743119] (my_lidar) JobEnded: {'identifier': 'my_lidar', 'rc': 0}
[9.744208] (-) EventReactorShutdown: {}
